FISCAL_YEAR,sys_sch,SYSTEM_ID,SYSTEM_NAME,SCHOOL_ID,SCHOOL_NAME,direct_cert_perc,K12_POVERTY_STUDENT_CT,K12_STUDENT_COUNT
2023,601103,601,Appling County,103,Appling County High School,36.40000153,386,1061
2023,601177,601,Appling County,177,Appling County Elementary School,52.90000153,552,1044
2023,601195,601,Appling County,195,Appling County Middle School,44,314,713
2023,6011050,601,Appling County,1050,Altamaha Elementary School,34.20000076,113,330
2023,6015050,601,Appling County,5050,Fourth District Elementary School,35.29999924,36,102
2023,602103,602,Atkinson County,103,Atkinson County High School,35.20000076,157,446
2023,602111,602,Atkinson County,111,Atkinson County Middle School,46.09999847,167,362
2023,602187,602,Atkinson County,187,Willacoochee Elementary School,60.29999924,94,156
2023,602190,602,Atkinson County,190,Pearson Elementary School,48.90000153,283,579
2023,603102,603,Bacon County,102,Bacon County Primary School,55.59999847,266,478
2023,603202,603,Bacon County,202,Bacon County Middle School,44.70000076,208,465
2023,603302,603,Bacon County,302,Bacon County High School,37.09999847,238,642
2023,6033050,603,Bacon County,3050,Bacon County Elementary School,51,230,451
2023,604105,604,Baker County,105,Baker County K12 School,60.90000153,170,279
2023,604183,604,Baker County,183,Baker County Learning Academy,62.5,5,8
2023,605100,605,Baldwin County,100,Oak Hill MS,58.79999924,580,986
2023,605189,605,Baldwin County,189,Baldwin High School,44.59999847,585,1311
2023,605300,605,Baldwin County,300,Lakeview Academy,50.59999847,329,650
2023,605301,605,Baldwin County,301,Midway Hills Primary,58.70000076,284,484
2023,605302,605,Baldwin County,302,Lakeview Primary,52.29999924,292,558
2023,605303,605,Baldwin County,303,Midway Hills Academy,66,282,427
2023,606105,606,Banks County,105,Banks County Middle School,23.60000038,151,641
2023,606107,606,Banks County,107,Banks County Elementary School,23,147,639
2023,606199,606,Banks County,199,Banks County High School,16.20000076,139,858
2023,606205,606,Banks County,205,Banks County Primary School,27.79999924,192,690
2023,607101,607,Barrow County,101,Apalachee High School,20.10000038,381,1894
2023,607105,607,Barrow County,105,County Line Elementary School,23.10000038,125,540
2023,607106,607,Barrow County,106,Haymon-Morris Middle School,22.20000076,180,809
2023,607114,607,Barrow County,114,Bear Creek Middle School,23.29999924,157,673
2023,607189,607,Barrow County,189,Kennedy Elementary School,29.29999924,257,877
2023,607193,607,Barrow County,193,Bramlett Elementary School,17.39999962,110,632
2023,607198,607,Barrow County,198,Westside Middle School,28.70000076,211,736
2023,607205,607,Barrow County,205,Bethlehem Elementary School,24.70000076,187,756
2023,607289,607,Barrow County,289,Russell Middle School,23.29999924,217,931
2023,607298,607,Barrow County,298,Yargo Elementary School,19.70000076,167,847
2023,607299,607,Barrow County,299,Winder Elementary School,37.29999924,229,614
2023,607300,607,Barrow County,300,Barrow Arts and Sciences Academy,11.39999962,121,1064
2023,6071050,607,Barrow County,1050,Auburn Elementary School,26.89999962,189,702
2023,6073052,607,Barrow County,3052,Winder-Barrow High School,21.39999962,383,1787
2023,6074050,607,Barrow County,4050,Holsenbeck Elementary School,24.5,189,772
2023,6075050,607,Barrow County,5050,Statham Elementary School,22.79999924,167,733
2023,608101,608,Bartow County,101,Woodland Middle School at Euharlee,24.10000038,165,684
2023,608104,608,Bartow County,104,Clear Creek Elementary School,29.39999962,182,620
2023,608105,608,Bartow County,105,Adairsville High School,18.60000038,218,1170
2023,608106,608,Bartow County,106,Pine Log Elementary,24.29999924,91,375
2023,608107,608,Bartow County,107,Euharlee Elementary School,25.70000076,124,482
2023,608114,608,Bartow County,114,Cass High School,24.10000038,374,1551
2023,608115,608,Bartow County,115,Cloverleaf Elementary,31.29999924,188,601
2023,608175,608,Bartow County,175,White Elementary School,28.70000076,156,543
2023,608177,608,Bartow County,177,Adairsville Elementary School,22,171,778
2023,608186,608,Bartow County,186,Mission Road Elementary School,24.39999962,101,414
2023,608190,608,Bartow County,190,Red Top Middle School,39.59999847,224,565
2023,608195,608,Bartow County,195,Cass Middle School,30,264,879
2023,608196,608,Bartow County,196,Allatoona Elementary School,41.20000076,160,388
2023,608198,608,Bartow County,198,Woodland High School,21.29999924,309,1451
2023,608296,608,Bartow County,296,Kingston Elementary School,37.09999847,187,504
2023,608301,608,Bartow County,301,Adairsville Middle School,21,177,843
2023,608377,608,Bartow County,377,Hamilton Crossing Elementary School,29,157,542
2023,608396,608,Bartow County,396,Taylorsville Elementary School,27.70000076,142,512
2023,6082052,608,Bartow County,2052,Emerson Elementary School,38.09999847,134,352
2023,609111,609,Ben Hill County,111,Ben Hill Elementary School,51.29999924,278,542
2023,609196,609,Ben Hill County,196,Ben Hill County Primary School,55.29999924,367,664
2023,609291,609,Ben Hill County,291,Fitzgerald High School School College and Career Academy,37,319,862
2023,609296,609,Ben Hill County,296,Ben Hill County Middle School,46.20000076,318,688
2023,609392,609,Ben Hill County,392,Hurricane Transition Academy,40.79999924,20,49
2023,610101,610,Berrien County,101,Berrien High School,27.5,235,853
2023,610106,610,Berrien County,106,Berrien Academy Performance Learning Center,34.20000076,25,73
2023,610194,610,Berrien County,194,Berrien Middle School,34.70000076,238,685
2023,610195,610,Berrien County,195,Berrien Elementary School,41.70000076,272,653
2023,6105050,610,Berrien County,5050,Berrien Primary School,43,290,674
2023,611103,611,Bibb County,103,Skyview Elementary School,42.79999924,177,414
2023,611104,611,Bibb County,104,Burdell Elementary School,76.80000305,317,413
2023,611105,611,Bibb County,105,Howard High School,35.90000153,386,1076
2023,611108,611,Bibb County,108,Ballard Hudson Middle School,78.40000153,583,744
2023,611109,611,Bibb County,109,Bruce Elementary School,82.30000305,331,402
2023,611186,611,Bibb County,186,Central High School,47,397,844
2023,611198,611,Bibb County,198,Westside High School,53.40000153,547,1025
2023,611203,611,Bibb County,203,Vineville Academy,43.29999924,193,446
2023,611204,611,Bibb County,204,Rutland High School,35.20000076,319,907
2023,611205,611,Bibb County,205,Howard Middle School,46.59999847,462,992
2023,611286,611,Bibb County,286,Northeast High School,54.90000153,407,742
2023,611298,611,Bibb County,298,Miller Magnet Middle School,51.29999924,300,585
2023,611305,611,Bibb County,305,Rutland Middle School,47.20000076,383,812
2023,611307,611,Bibb County,307,Price Academy,100,13,13
2023,611383,611,Bibb County,383,Williams Elementary School,82.69999695,258,312
2023,611386,611,Bibb County,386,Southwest High School,67,536,800
2023,611405,611,Bibb County,405,Rosa Taylor Elementary School,59.40000153,309,520
2023,611505,611,Bibb County,505,Weaver Middle School,64.09999847,583,909
2023,611605,611,Bibb County,605,Heritage Elementary School,44.90000153,230,512
2023,611705,611,Bibb County,705,Union Elementary School,80,363,454
2023,6111050,611,Bibb County,1050,Alexander II Magnet School,43.40000153,203,468
2023,6111054,611,Bibb County,1054,Bernd Elementary School,71.30000305,273,383
2023,6111067,611,Bibb County,1067,Porter Elementary School,40.29999924,151,375
2023,6111105,611,Bibb County,1105,Springdale Elementary School,28.70000076,139,485
2023,6111205,611,Bibb County,1205,Carter Elementary School,44.29999924,191,431
2023,6111305,611,Bibb County,1305,Lane Elementary School,59.29999924,242,408
2023,6111306,611,Bibb County,1306,Martin Luther King Jr Elementary School,77.90000153,447,574
2023,6111307,611,Bibb County,1307,Southfield Elementary School,78.90000153,539,683
2023,6111309,611,Bibb County,1309,Veterans Elementary School,75.80000305,500,660
2023,6111310,611,Bibb County,1310,John Robert Lewis Elementary School,81.5,552,677
2023,6111311,611,Bibb County,1311,VIP Academy (Virtual),53.59999847,248,463
2023,6112060,611,Bibb County,2060,Hartley Elementary School,86,345,401
2023,6113060,611,Bibb County,3060,Heard Elementary School,40,197,493
2023,6113067,611,Bibb County,3067,Ingram/Pye Elementary School,88.80000305,371,418
2023,6115050,611,Bibb County,5050,Appling Middle School,69.09999847,448,648
2023,612105,612,Bleckley County,105,Bleckley County High School,19.70000076,132,671
2023,612112,612,Bleckley County,112,Bleckley Middle School,31.39999962,177,563
2023,612115,612,Bleckley County,115,Bleckley County Success Academy,66,35,53
2023,612197,612,Bleckley County,197,Bleckley County Elementary School,35.20000076,195,554
2023,6121050,612,Bleckley County,1050,Bleckley County Primary School,36.40000153,220,605
2023,613101,613,Brantley County,101,Waynesville Primary School,55.20000076,207,375
2023,613110,613,Brantley County,110,Atkinson Elementary School,48.79999924,126,258
2023,613194,613,Brantley County,194,Brantley County Middle School,36.79999924,195,530
2023,613294,613,Brantley County,294,Nahunta Elementary School,36.79999924,102,277
2023,6131050,613,Brantley County,1050,Brantley County High School,27.10000038,244,902
2023,6132050,613,Brantley County,2050,Hoboken Elementary School,35.40000153,168,475
2023,6133050,613,Brantley County,3050,Nahunta Primary School,43.59999847,163,374
2023,614110,614,Brooks County,110,Brooks County High School,42.59999847,234,549
2023,614193,614,Brooks County,193,Quitman Elementary School,59,340,576
2023,614197,614,Brooks County,197,Brooks County Middle School,59.09999847,275,465
2023,614393,614,Brooks County,393,North Brooks Elementary School,53.20000076,192,361
2023,614394,614,Brooks County,394,Delta Innovative School,47.70000076,42,88
2023,615101,615,Bryan County,101,Dr. George Washington Carver Elementary School,13.60000038,95,697
2023,615182,615,Bryan County,182,Richmond Hill High School,6.800000191,167,2454
2023,615199,615,Bryan County,199,Richmond Hill Middle School,8.899999619,168,1897
2023,615202,615,Bryan County,202,Richmond Hill Primary School,18.79999924,118,629
2023,615286,615,Bryan County,286,Bryan County Elementary School,34.40000153,305,887
2023,615302,615,Bryan County,302,Richmond Hill Elementary School,15.5,105,677
2023,615402,615,Bryan County,402,Bryan County Middle School,33.5,134,400
2023,615502,615,Bryan County,502,Bryan County High School,26.29999924,160,608
2023,615503,615,Bryan County,503,McAllister Elementary School,2,17,845
2023,615504,615,Bryan County,504,Frances Meeks Elementary School,4.400000095,34,768
2023,616100,616,Bulloch County,100,Mill Creek Elementary School,54.40000153,291,535
2023,616107,616,Bulloch County,107,Nevils Elementary School,23.10000038,101,437
2023,616198,616,Bulloch County,198,William James Middle School,42.90000153,249,580
2023,616199,616,Bulloch County,199,Langston Chapel Elementary School,62.70000076,365,582
2023,616200,616,Bulloch County,200,Brooklet Elementary School,18.60000038,147,789
2023,616203,616,Bulloch County,203,Southeast Bulloch High School,18.29999924,207,1134
2023,616299,616,Bulloch County,299,Langston Chapel Middle School,53.09999847,404,761
2023,616300,616,Bulloch County,300,Southeast Bulloch Middle School,21.79999924,181,829
2023,616399,616,Bulloch County,399,Portal Elementary School,48.40000153,185,382
2023,6162050,616,Bulloch County,2050,Julia P. Bryant Elementary School,38.29999924,250,653
2023,6162054,616,Bulloch County,2054,Statesboro High School,38.09999847,662,1738
2023,6163054,616,Bulloch County,3054,Stilson Elementary School,37,148,400
2023,6164052,616,Bulloch County,4052,Portal Middle/High School,35,180,515
2023,6165050,616,Bulloch County,5050,Mattie Lively Elementary School,53.79999924,276,513
2023,6165054,616,Bulloch County,5054,Sallie Zetterower Elementary School,51.59999847,357,692
2023,617104,617,Burke County,104,Blakeney Elementary,52.79999924,371,703
2023,617188,617,Burke County,188,Burke County Middle School,52,459,882
2023,617196,617,Burke County,196,S G A Elementary School,50.40000153,123,244
2023,617288,617,Burke County,288,Burke County High School,36.40000153,426,1170
2023,6172056,617,Burke County,2056,Waynesboro Primary School,60,446,743
2023,618100,618,Butts County,100,Henderson Middle School,37.90000153,291,767
2023,618104,618,Butts County,104,Hampton L. Daughtry Elementary School,46.59999847,230,494
2023,618108,618,Butts County,108,Stark Elementary School,42.29999924,245,579
2023,618111,618,Butts County,111,Jackson Elementary School,53.70000076,263,490
2023,618190,618,Butts County,190,Jackson High School,33.40000153,357,1070
2023,619113,619,Calhoun County,113,Calhoun County High School,57.70000076,94,163
2023,619179,619,Calhoun County,179,Calhoun County Elementary School,72.09999847,137,190
2023,619213,619,Calhoun County,213,Calhoun County Middle School,73.5,72,98
2023,620100,620,Camden County,100,Mamie Lou Gross Elementary School,33.70000076,141,419
2023,620105,620,Camden County,105,Saint Marys Middle School,20.89999962,220,1052
2023,620110,620,Camden County,110,Saint Marys Elementary School,27,152,562
2023,620182,620,Camden County,182,Camden Middle School,24,271,1127
2023,620187,620,Camden County,187,Crooked River Elementary School,18,107,596
2023,620189,620,Camden County,189,Matilda Harris Elementary School,17.5,110,627
2023,620192,620,Camden County,192,Woodbine Elementary School,22.89999962,72,314
2023,620193,620,Camden County,193,Kingsland Elementary School,25.89999962,90,348
2023,620195,620,Camden County,195,David L Rainer Elementary School,23.10000038,110,477
2023,620197,620,Camden County,197,Sugarmill Elementary,16.79999924,105,624
2023,620295,620,Camden County,295,Camden County High School,15.39999962,412,2673
2023,620495,620,Camden County,495,Mary Lee Clark Elementary School,24.39999962,103,422
2023,621101,621,Candler County,101,Metter High School ,35.20000076,172,488
2023,621102,621,Candler County,102,Metter Middle School,44.40000153,230,518
2023,621302,621,Candler County,302,Metter Elementary School,52.59999847,481,914
2023,621303,621,Candler County,303,Metter College and Career Academy,48.09999847,74,154
2023,622100,622,Carroll County,100,Sharp Creek Elementary School,49.09999847,248,505
2023,622101,622,Carroll County,101,Bowdon Middle School,34.79999924,98,282
2023,622102,622,Carroll County,102,Temple Middle School,34.59999847,215,621
2023,622112,622,Carroll County,112,KidsPeace,80,36,45
2023,622115,622,Carroll County,115,Providence Elementary School,28.5,144,506
2023,622176,622,Carroll County,176,Mount Zion Elementary School,43.29999924,271,626
2023,622177,622,Carroll County,177,Central Middle School,25.60000038,248,967
2023,622189,622,Carroll County,189,Temple High School,28.20000076,210,746
2023,622198,622,Carroll County,198,Bay Springs Middle School,29.10000038,271,930
2023,622208,622,Carroll County,208,Mt. Zion Middle School ,38.90000153,131,337
2023,622212,622,Carroll County,212,Mt. Zion High School,34.90000153,164,470
2023,622305,622,Carroll County,305,Villa Rica Middle,36.90000153,171,464
2023,622377,622,Carroll County,377,Roopville Elementary School,30.29999924,116,383
2023,622405,622,Carroll County,405,Ithica Elementary ,22.60000038,170,751
2023,622477,622,Carroll County,477,Whitesburg Elementary School,36.59999847,168,459
2023,622605,622,Carroll County,605,Glanton-Hindsman Elementary,39.70000076,259,652
2023,622705,622,Carroll County,705,Villa Rica Elementary School,39.09999847,157,402
2023,6221054,622,Carroll County,1054,Temple Elementary School,40.40000153,247,612
2023,6222050,622,Carroll County,2050,Bowdon Elementary School,37.90000153,231,610
2023,6222052,622,Carroll County,2052,Central High School,21.10000038,270,1280
2023,6223050,622,Carroll County,3050,Bowdon High School,31.70000076,123,388
2023,6225050,622,Carroll County,5050,Central Elementary School,24.29999924,214,879
2023,6225052,622,Carroll County,5052,Sand Hill Elementary School,32.5,210,646
2023,6225054,622,Carroll County,5054,Villa Rica High School,26.20000076,474,1807
2023,623100,623,Catoosa County,100,Ringgold Primary School,23.5,105,447
2023,623102,623,Catoosa County,102,Battlefield Primary,29.29999924,125,426
2023,623103,623,Catoosa County,103,Battlefield Elementary School,24,103,429
2023,623105,623,Catoosa County,105,Woodstation Elementary School,21.29999924,77,362
2023,623109,623,Catoosa County,109,Heritage High School,9.600000381,119,1242
2023,623185,623,Catoosa County,185,Tiger Creek Elementary School,32,140,437
2023,623205,623,Catoosa County,205,Heritage Middle School,16.20000076,143,882
2023,6231050,623,Catoosa County,1050,Boynton Elementary School,19.29999924,112,580
2023,6231052,623,Catoosa County,1052,Lakeview-Fort Oglethorpe High School,29.89999962,306,1023
2023,6231054,623,Catoosa County,1054,West Side Elementary School,41.59999847,193,464
2023,6232552,623,Catoosa County,2552,Lakeview Middle School,33.59999847,232,690
2023,6233050,623,Catoosa County,3050,Cloud Springs Elementary School,48.40000153,135,279
2023,6233052,623,Catoosa County,3052,Ringgold Elementary School,20.89999962,92,441
2023,6234052,623,Catoosa County,4052,Ringgold High School,18.20000076,192,1053
2023,6235050,623,Catoosa County,5050,Graysville Elementary School,18.10000038,107,591
2023,6235052,623,Catoosa County,5052,Ringgold Middle School,21.79999924,167,765
2023,624112,624,Charlton County,112,Bethune Middle School,35.90000153,202,563
2023,624199,624,Charlton County,199,Folkston Elementary School,41.90000153,167,399
2023,624287,624,Charlton County,287,Charlton County High School,29.39999962,133,452
2023,6244050,624,Charlton County,4050,St. George Elementary School,21.79999924,39,179
2023,625101,625,Savannah-Chatham County,101,Johnson High School,46.29999924,366,790
2023,625107,625,Savannah-Chatham County,107,UHS of Savannah Coastal Harbor Treatment Center,100,56,56
2023,625109,625,Savannah-Chatham County,109,Coastal Empire Montessori Charter School,30.89999962,72,233
2023,625115,625,Savannah-Chatham County,115,Woodville-Tompkins Technical and Career High School,19.89999962,133,667
2023,625116,625,Savannah-Chatham County,116,Pulaski Elementary SChool,28.20000076,157,557
2023,625117,625,Savannah-Chatham County,117,New Hampstead High School,26,374,1436
2023,625118,625,Savannah-Chatham County,118,Oglethorpe Charter School,49.79999924,301,605
2023,625124,625,Savannah-Chatham County,124,The STEM Academy at Bartlett,20.10000038,135,671
2023,625125,625,Savannah-Chatham County,125,Tybee Island Maritime Academy School,11.60000038,49,421
2023,625128,625,Savannah-Chatham County,128,Savannah Classical Academy Charter School,40,146,365
2023,625192,625,Savannah-Chatham County,192,Esther F. Garrison School for the Arts,18,134,744
2023,625194,625,Savannah-Chatham County,194,Georgetown School,33.5,168,502
2023,625197,625,Savannah-Chatham County,197,Garden City Elementary School,49.5,257,519
2023,625199,625,Savannah-Chatham County,199,West Chatham Middle School,37.70000076,359,953
2023,625200,625,Savannah-Chatham County,200,West Chatham Elementary School,32.90000153,243,738
2023,625201,625,Savannah-Chatham County,201,DeRenne Middle School,74.5,395,530
2023,625210,625,Savannah-Chatham County,210,The School of Liberal Studies at Savannah High,60.90000153,427,701
2023,625211,625,Savannah-Chatham County,211,Godley Station School,21.70000076,240,1108
2023,625298,625,Savannah-Chatham County,298,Marshpoint Elementary School,26.89999962,159,590
2023,625299,625,Savannah-Chatham County,299,Southwest Middle School,47,349,743
2023,625300,625,Savannah-Chatham County,300,Southwest Elementary School,41.09999847,284,691
2023,625301,625,Savannah-Chatham County,301,Myers Middle School ,70.09999847,323,461
2023,625311,625,Savannah-Chatham County,311,Coastal Middle School,24.29999924,135,556
2023,625411,625,Savannah-Chatham County,411,Islands High School,11.69999981,101,862
2023,625499,625,Savannah-Chatham County,499,Savannah Arts Academy,6,54,905
2023,625511,625,Savannah-Chatham County,511,Shuman Elementary School,72.09999847,365,506
2023,625512,625,Savannah-Chatham County,512,Rice Creek School,34.20000076,382,1118
2023,625513,625,Savannah-Chatham County,513,Savannah Early College High School,27.20000076,41,151
2023,625514,625,Savannah-Chatham County,514,School of Humanities at Juliette Gordon Low,67.69999695,404,597
2023,625515,625,Savannah-Chatham County,515,Susie King Taylor Community School,52.5,160,305
2023,625516,625,Savannah-Chatham County,516,Savannah Classical Academy Charter High School,16.70000076,12,72
2023,625517,625,Savannah-Chatham County,517,Henderson E Formey Jr Early Learning Center,67,122,182
2023,625518,625,Savannah-Chatham County,518,Savannah-Chatham E-Learning Academy,45.09999847,343,760
2023,625520,625,Savannah-Chatham County,520,New Hampstead K-8 School,31.60000038,258,817
2023,6251052,625,Savannah-Chatham County,1052,Otis J Brock III Elementary School,74.90000153,374,499
2023,6251056,625,Savannah-Chatham County,1056,Gadsden Elementary School,87.09999847,373,428
2023,6251058,625,Savannah-Chatham County,1058,Heard Elementary School,33.29999924,198,595
2023,6251060,625,Savannah-Chatham County,1060,May Howard Elementary School,11.60000038,55,475
2023,6251070,625,Savannah-Chatham County,1070,White Bluff Elementary School,60.79999924,369,607
2023,6252052,625,Savannah-Chatham County,2052,Beach High School,52.70000076,482,914
2023,6252056,625,Savannah-Chatham County,2056,Gould Elementary School,42.40000153,320,755
2023,6252060,625,Savannah-Chatham County,2060,Hubert Middle School,73,336,460
2023,6252062,625,Savannah-Chatham County,2062,Largo-Tibet Elementary School,61.5,337,548
2023,6252068,625,Savannah-Chatham County,2068,Andrea B Williams Elementary School,78.19999695,358,458
2023,6253056,625,Savannah-Chatham County,3056,Groves High School,39.90000153,396,992
2023,6253060,625,Savannah-Chatham County,3060,Isle of Hope School,53.40000153,302,566
2023,6253064,625,Savannah-Chatham County,3064,Pooler Elementary School,39.5,156,395
2023,6254052,625,Savannah-Chatham County,4052,Bloomingdale Elementary School,34.59999847,94,272
2023,6254054,625,Savannah-Chatham County,4054,Ellis Elementary School,22.39999962,89,397
2023,6254056,625,Savannah-Chatham County,4056,Haven Elementary School,85.09999847,313,368
2023,6254058,625,Savannah-Chatham County,4058,Hesse School,35.09999847,341,972
2023,6254070,625,Savannah-Chatham County,4070,Windsor Forest Elementary School,52.59999847,213,405
2023,6255052,625,Savannah-Chatham County,5052,Butler Elementary School,63.79999924,271,425
2023,6255058,625,Savannah-Chatham County,5058,Hodge Elementary School,76.80000305,274,357
2023,6255060,625,Savannah-Chatham County,5060,Jenkins High School,34.59999847,387,1118
2023,6255062,625,Savannah-Chatham County,5062,Mercer Middle School,65.40000153,263,402
2023,6255066,625,Savannah-Chatham County,5066,Jacob G. Smith Elementary School,23.89999962,104,435
2023,6255070,625,Savannah-Chatham County,5070,Windsor Forest High School,39,388,996
2023,626101,626,Chattahoochee County,101,Chattahoochee County Education Center,50.40000153,119,236
2023,626106,626,Chattahoochee County,106,Chattahoochee County Middle School,25.29999924,60,237
2023,626206,626,Chattahoochee County,206,Chattahoochee County High School,17.89999962,85,474
2023,627106,627,Chattooga County,106,Leroy Massey Elementary School,60.29999924,450,746
2023,6271050,627,Chattooga County,1050,Chattooga High School,38.40000153,274,713
2023,6272050,627,Chattooga County,2050,Lyerly Elementary School,47,147,313
2023,6272052,627,Chattooga County,2052,Summerville Middle School,57.90000153,223,385
2023,6273050,627,Chattooga County,3050,Menlo Elementary School,33.79999924,104,308
2023,628101,628,Cherokee County,101,Carmel Elementary School,17.10000038,151,885
2023,628104,628,Cherokee County,104,Woodstock Elementary School,15.39999962,171,1114
2023,628105,628,Cherokee County,105,"William G. Hasty, Sr. Elementary School",36.70000076,356,971
2023,628106,628,Cherokee County,106,Creekview High School,4.099999905,87,2128
2023,628108,628,Cherokee County,108,Avery Elementary School,5.300000191,59,1119
2023,628113,628,Cherokee County,113,Mill Creek Middle School,8.300000191,110,1333
2023,628115,628,Cherokee County,115,River Ridge High School,5.699999809,109,1918
2023,628116,628,Cherokee County,116,Indian Knoll Elementary,11.80000019,102,861
2023,628176,628,Cherokee County,176,Etowah High School,8.800000191,216,2441
2023,628181,628,Cherokee County,181,E. T. Booth Middle School,12,198,1654
2023,628182,628,Cherokee County,182,Johnston Elementary School,12.80000019,58,452
2023,628187,628,Cherokee County,187,Dean Rusk Middle School,7.800000191,115,1473
2023,628189,628,Cherokee County,189,Boston Elementary School,12.10000038,75,622
2023,628190,628,Cherokee County,190,Mountain Road Elementary School,8.399999619,34,404
2023,628191,628,Cherokee County,191,Sequoyah High School,6,124,2083
2023,628193,628,Cherokee County,193,Sixes Elementary School,6.5,46,709
2023,628196,628,Cherokee County,196,Bascomb Elementary School,5.199999809,51,973
2023,628197,628,Cherokee County,197,Woodstock High School,8.800000191,179,2044
2023,628198,628,Cherokee County,198,R. M. Moore Elementary School,26.89999962,255,948
2023,628199,628,Cherokee County,199,Holly Springs Elementary School,15.10000038,108,716
2023,628203,628,Cherokee County,203,Liberty Elementary School,14.60000038,142,972
2023,628205,628,Cherokee County,205,Freedom Middle School,7.900000095,73,922
2023,628213,628,Cherokee County,213,Ball Ground Elementary School,8.5,48,562
2023,628287,628,Cherokee County,287,Teasley Middle School,24.29999924,391,1607
2023,628297,628,Cherokee County,297,Woodstock Middle School,15.19999981,165,1083
2023,628305,628,Cherokee County,305,Creekland Middle School,6.199999809,94,1511
2023,628309,628,Cherokee County,309,Little River Elem.,8,100,1254
2023,628313,628,Cherokee County,313,Clark Creek Elementary School,14.60000038,160,1097
2023,628397,628,Cherokee County,397,Arnold Mill Elementary School,11.10000038,89,801
2023,628505,628,Cherokee County,505,Free Home Elementary School,9.199999809,28,306
2023,628509,628,Cherokee County,509,J. Knox Elementary,14.39999962,125,870
2023,628606,628,Cherokee County,606,iGrad Virtual Academy School,10,24,241
2023,6281052,628,Cherokee County,1052,Clayton Elementary School,11,33,300
2023,6282054,628,Cherokee County,2054,Oak Grove Elementary School,27.60000038,134,486
2023,6283052,628,Cherokee County,3052,Hickory Flat Elementary School,3.799999952,34,904
2023,6285050,628,Cherokee County,5050,Cherokee High School,14.80000019,436,2940
2023,6285052,628,Cherokee County,5052,Macedonia Elementary School,5.599999905,41,734
2023,629102,629,Clarke County,102,Cedar Shoals High School,35.79999924,517,1443
2023,629104,629,Clarke County,104,Classic City High School,45.79999924,11,24
2023,629105,629,Clarke County,105,Alps Road Elementary School,66.80000305,189,283
2023,629112,629,Clarke County,112,Judia Jackson Harris Elementary,43.09999847,153,355
2023,629178,629,Clarke County,178,Timothy Elementary School,24.29999924,115,474
2023,629191,629,Clarke County,191,Cleveland Road Elementary School,33.29999924,81,243
2023,629196,629,Clarke County,196,Coile Middle School,44.70000076,284,635
2023,629205,629,Clarke County,205,Gaines Elementary School,72.90000153,323,443
2023,629291,629,Clarke County,291,Howard B. Stroud Elementary School,65.90000153,205,311
2023,629296,629,Clarke County,296,Burney-Harris-Lyons Middle School,37.59999847,274,728
2023,629391,629,Clarke County,391,Whit Davis Road Elementary School,39.90000153,153,383
2023,6291058,629,Clarke County,1058,Clarke Middle School,37,262,708
2023,6291062,629,Clarke County,1062,Whitehead Road Elementary School,36.79999924,223,606
2023,6292056,629,Clarke County,2056,Barnett Shoals Elementary School,47.5,202,425
2023,6292062,629,Clarke County,2062,Winterville Elementary School,36.59999847,118,322
2023,6293056,629,Clarke County,3056,Barrow Elementary School,40.79999924,157,385
2023,6293058,629,Clarke County,3058,Fowler Drive Elementary School,48,164,342
2023,6294060,629,Clarke County,4060,Oglethorpe Avenue Elementary School,38.90000153,199,512
2023,6295056,629,Clarke County,5056,Chase Street Elementary School,33,142,430
2023,6295058,629,Clarke County,5058,Hilsman Middle School,51.29999924,322,628
2023,6295556,629,Clarke County,5556,Clarke Central High School,29.60000038,544,1837
2023,630104,630,Clay County,104,Clay County Middle School,71,44,62
2023,630204,630,Clay County,204,Clay County Elementary,77.09999847,91,118
2023,631100,631,Clayton County,100,M. D. Roberts Middle School,36.40000153,310,852
2023,631103,631,Clayton County,103,Callaway Elementary School,55.79999924,378,677
2023,631104,631,Clayton County,104,Mundy's Mill High School,38.5,627,1629
2023,631105,631,Clayton County,105,Thurgood Marshall Elementary School,58,441,760
2023,631106,631,Clayton County,106,Jonesboro Middle School,55.29999924,526,951
2023,631107,631,Clayton County,107,Sequoyah Middle School,52.59999847,443,842
2023,631109,631,Clayton County,109,Mount Zion Primary,55.09999847,282,512
2023,631114,631,Clayton County,114,Elite Scholars Academy School,14,95,680
2023,631115,631,Clayton County,115,Charles R. Drew High School,43.79999924,723,1652
2023,631116,631,Clayton County,116,Eddie White Middle School,45.20000076,650,1438
2023,631117,631,Clayton County,117,Morrow Middle School,44.29999924,345,779
2023,631173,631,Clayton County,173,Kilpatrick Elementary School,55.09999847,339,615
2023,631174,631,Clayton County,174,Mundys Mill Middle School,46.90000153,360,768
2023,631175,631,Clayton County,175,Brown Elementary School,53.29999924,359,674
2023,631176,631,Clayton County,176,Mount Zion Elementary School,51.70000076,260,503
2023,631177,631,Clayton County,177,Adamson Middle School,44.5,248,557
2023,631181,631,Clayton County,181,Pointe South Elementary School,61,300,492
2023,631190,631,Clayton County,190,Lovejoy High School,37.90000153,809,2136
2023,631195,631,Clayton County,195,River's Edge Elementary School,35,216,617
2023,631197,631,Clayton County,197,Kendrick Middle School,49.70000076,346,696
2023,631199,631,Clayton County,199,Hawthorne Elementary School,52,401,771
2023,631200,631,Clayton County,200,Roberta T. Smith Elementary School,49.90000153,375,751
2023,631203,631,Clayton County,203,Harper Elementary School,59.09999847,399,675
2023,631204,631,Clayton County,204,"Martin Luther King, Jr. Elementary School",58.90000153,325,552
2023,631205,631,Clayton County,205,Kemp Primary,51.59999847,295,572
2023,631207,631,Clayton County,207,Rex Mill Middle School,48.70000076,474,974
2023,631215,631,Clayton County,215,Martha Ellen Stilwell School for the Performing Arts,19.70000076,96,488
2023,631276,631,Clayton County,276,Oliver Elementary School,52.20000076,269,515
2023,631277,631,Clayton County,277,Pointe South Middle School,53.79999924,409,760
2023,631290,631,Clayton County,290,Mount Zion High School,38.90000153,482,1239
2023,631295,631,Clayton County,295,Lake Ridge Elementary School,54.70000076,250,457
2023,631304,631,Clayton County,304,James Jackson Elementary School,49.79999924,293,588
2023,631305,631,Clayton County,305,Kemp Elem School,48.90000153,312,638
2023,631307,631,Clayton County,307,Unidos Dual Language School,38.70000076,144,372
2023,631377,631,Clayton County,377,Riverdale High School,39.40000153,525,1333
2023,631378,631,Clayton County,378,Perry Career Academy - Eula Wilburn Ponds Perry Center for Learning,34.79999924,322,925
2023,631379,631,Clayton County,379,Michelle Obama STEM Elementary Academy,45,430,955
2023,631380,631,Clayton County,380,Kay R Pace Elementary School of the Arts,28.89999962,147,508
2023,631381,631,Clayton County,381,7 Pillars Career Academy,45.59999847,103,226
2023,631382,631,Clayton County,382,Utopian Academy for the Arts Elementary School,47,102,217
2023,631383,631,Clayton County,383,Utopian Academy for the Arts High School,38.59999847,61,158
2023,6311050,631,Clayton County,1050,Anderson Elementary School,52.20000076,249,477
2023,6311052,631,Clayton County,1052,East Clayton Elementary School,42.09999847,253,601
2023,6311054,631,Clayton County,1054,Forest Park High School,37.79999924,668,1765
2023,6311056,631,Clayton County,1056,Jonesboro High School,38.59999847,593,1535
2023,6311058,631,Clayton County,1058,Lee Street Elementary School,65.69999695,329,501
2023,6311060,631,Clayton County,1060,Northcutt Elementary School,61.29999924,398,649
2023,6311062,631,Clayton County,1062,Tara Elementary School,58.70000076,330,562
2023,6311550,631,Clayton County,1550,Arnold Elementary School,35.40000153,148,418
2023,6312052,631,Clayton County,2052,North Clayton High School,47.5,573,1206
2023,6312054,631,Clayton County,2054,Forest Park Middle School,53.90000153,369,685
2023,6312058,631,Clayton County,2058,Morrow Elementary School,43.90000153,188,428
2023,6312060,631,Clayton County,2060,Riverdale Elementary School,57.5,346,602
2023,6312062,631,Clayton County,2062,West Clayton Elementary School,71.30000305,315,442
2023,6312554,631,Clayton County,2554,Fountain Elementary School,57.79999924,295,510
2023,6313050,631,Clayton County,3050,Babb Middle School,44.29999924,393,888
2023,6313052,631,Clayton County,3052,North Clayton Middle School,61.40000153,471,767
2023,6313054,631,Clayton County,3054,Haynie Elementary School,48.40000153,359,742
2023,6313060,631,Clayton County,3060,Riverdale Middle School,52,343,660
2023,6314050,631,Clayton County,4050,Church Street Elementary School,60.90000153,394,647
2023,6314056,631,Clayton County,4056,Lake City Elementary School,43.59999847,212,486
2023,6314058,631,Clayton County,4058,Morrow High School,37.79999924,748,1980
2023,6314060,631,Clayton County,4060,Suder Elementary School,52.29999924,304,581
2023,6315052,631,Clayton County,5052,Edmonds Elementary School,62,277,447
2023,6315054,631,Clayton County,5054,Huie Elementary School,65.59999847,398,607
2023,6315056,631,Clayton County,5056,William M. McGarrah Elementary School,53.90000153,321,595
2023,6315060,631,Clayton County,5060,Swint Elementary School,58.79999924,329,560
2023,632101,632,Clinch County,101,Clinch County Elementary School,52.40000153,240,458
2023,632201,632,Clinch County,201,Clinch County Middle School,42.40000153,123,290
2023,6321050,632,Clinch County,1050,Clinch County High School,39.70000076,169,426
2023,633101,633,Cobb County,101,Kennesaw Mountain High School,10.60000038,192,1810
2023,633102,633,Cobb County,102,City View Elementary School,46.59999847,401,860
2023,633103,633,Cobb County,103,Kell High School,10.60000038,160,1507
2023,633104,633,Cobb County,104,Bullard Elementary School,11.19999981,88,784
2023,633107,633,Cobb County,107,McCall Primary School,25.89999962,65,251
2023,633109,633,Cobb County,109,Pickett's Mill Elementary School,6.400000095,43,675
2023,633114,633,Cobb County,114,East Side Elementary School,1.299999952,14,1109
2023,633117,633,Cobb County,117,Clarkdale Elementary School,32.40000153,221,682
2023,633118,633,Cobb County,118,Mableton Elementary School,35,307,878
2023,633173,633,Cobb County,173,Birney Elementary School,38.29999924,260,678
2023,633175,633,Cobb County,175,Walton High School,1.200000048,31,2650
2023,633178,633,Cobb County,178,Mabry Middle School,3.299999952,30,916
2023,633180,633,Cobb County,180,Still Elementary School,11.39999962,87,763
2023,633181,633,Cobb County,181,Tritt Elementary School,1.299999952,10,790
2023,633184,633,Cobb County,184,McCleskey Middle School,11.80000019,67,570
2023,633185,633,Cobb County,185,Garrison Mill Elementary School,2.5,16,641
2023,633187,633,Cobb County,187,Keheley Elementary School,11.60000038,46,398
2023,633188,633,Cobb County,188,Pope High School,1.899999976,35,1814
2023,633189,633,Cobb County,189,Baker Elementary School,18,139,773
2023,633190,633,Cobb County,190,Dowell Elementary School,25.70000076,228,887
2023,633191,633,Cobb County,191,Varner Elementary School,21.79999924,163,749
2023,633192,633,Cobb County,192,Harrison High School,3.400000095,72,2122
2023,633194,633,Cobb County,194,Hayes Elementary School,25.70000076,210,817
2023,633197,633,Cobb County,197,Vaughan Elementary School,7,44,626
2023,633198,633,Cobb County,198,Chalker Elementary School,16.79999924,112,665
2023,633199,633,Cobb County,199,Nickajack Elementary School,18.29999924,200,1091
2023,633202,633,Cobb County,202,Lindley Middle School,41.40000153,454,1096
2023,633203,633,Cobb County,203,Kemp Elementary School,7.5,66,882
2023,633204,633,Cobb County,204,Pitner Elementary School,23.5,182,776
2023,633207,633,Cobb County,207,Austell Elementary School,38.90000153,147,378
2023,633209,633,Cobb County,209,Allatoona High School,5.699999809,97,1695
2023,633214,633,Cobb County,214,Smyrna Elementary School,26.10000038,233,892
2023,633273,633,Cobb County,273,Kincaid Elementary School,10.60000038,61,575
2023,633275,633,Cobb County,275,Dodgen Middle School,1.899999976,23,1222
2023,633278,633,Cobb County,278,Mount Bethel Elementary School,1,9,944
2023,633280,633,Cobb County,280,Pine Mountain Middle School,21.5,124,576
2023,633281,633,Cobb County,281,Dickerson Middle School,1.100000024,14,1223
2023,633287,633,Cobb County,287,Lewis Elementary School,19.10000038,98,514
2023,633288,633,Cobb County,288,Mountain View Elementary School,4.5,37,830
2023,633289,633,Cobb County,289,Addison Elementary School,9.5,55,577
2023,633290,633,Cobb County,290,Campbell Middle School,26.39999962,322,1222
2023,633291,633,Cobb County,291,Shallowford Falls Elementary School,3.099999905,19,607
2023,633292,633,Cobb County,292,Ford Elementary School,2.099999905,16,746
2023,633294,633,Cobb County,294,Smitha Middle School,30,264,881
2023,633297,633,Cobb County,297,Frey Elementary School,8.5,64,751
2023,633298,633,Cobb County,298,Cheatham Hill Elementary School,12.89999962,133,1032
2023,633299,633,Cobb County,299,Durham Middle School,4.699999809,48,1029
2023,633302,633,Cobb County,302,Acworth Intermediate School,28.70000076,149,520
2023,633307,633,Cobb County,307,Riverside Elementary School,56.5,310,549
2023,633309,633,Cobb County,309,Lindley 6th Grade Academy,41.09999847,214,521
2023,633373,633,Cobb County,373,Sprayberry High School,12.10000038,222,1831
2023,633375,633,Cobb County,375,Murdock Elementary School,3.299999952,29,891
2023,633378,633,Cobb County,378,Rocky Mount Elementary School,4.400000095,24,550
2023,633381,633,Cobb County,381,Lassiter High School,2.099999905,40,1933
2023,633388,633,Cobb County,388,Davis Elementary School,2.400000095,14,595
2023,633389,633,Cobb County,389,Simpson Middle School,7.599999905,64,844
2023,633391,633,Cobb County,391,Nicholson Elementary School,11.89999962,47,394
2023,633394,633,Cobb County,394,Hightower Trail Middle School,1.799999952,18,982
2023,633397,633,Cobb County,397,Green Acres Elementary School,32.29999924,178,551
2023,633398,633,Cobb County,398,Sanders Elementary School,41.90000153,253,604
2023,633399,633,Cobb County,399,Blackwell Elementary School,15.39999962,96,624
2023,633402,633,Cobb County,402,Hendricks Elementary School,37.90000153,187,494
2023,633404,633,Cobb County,404,Kennesaw Elementary School,19.89999962,109,547
2023,633407,633,Cobb County,407,Barber Middle School,21.29999924,187,877
2023,633475,633,Cobb County,475,Tapp Middle School,26.5,231,873
2023,633478,633,Cobb County,478,Sope Creek Elementary School,2.400000095,26,1063
2023,633489,633,Cobb County,489,Powder Springs Elementary School,34.59999847,276,798
2023,633491,633,Cobb County,491,Timber Ridge Elementary School,1,5,497
2023,633499,633,Cobb County,499,Lost Mountain Middle School,6.5,66,1011
2023,633502,633,Cobb County,502,Cooper Middle School,30.20000076,297,982
2023,633504,633,Cobb County,504,Big Shanty Elementary School,16.89999962,91,539
2023,633507,633,Cobb County,507,McClure Middle School,9.699999809,96,991
2023,633592,633,Cobb County,592,Bryant Elementary School,46.09999847,391,848
2023,633602,633,Cobb County,602,Palmer Middle School,15.19999981,126,828
2023,633607,633,Cobb County,607,Lovinggood Middle School,8.100000381,100,1235
2023,633707,633,Cobb County,707,Hillgrove High School,6.599999905,156,2366
2023,633807,633,Cobb County,807,Devereux Ackerman Academy,100,54,54
2023,633808,633,Cobb County,808,Cobb Horizon High School,27,278,1029
2023,633809,633,Cobb County,809,Clay-Harmony Leland Elementary School,31.79999924,287,903
2023,633816,633,Cobb County,816,Pearson Middle School,38,327,860
2023,6331052,633,Cobb County,1052,Belmont Hills Elementary School,35.29999924,96,272
2023,6331054,633,Cobb County,1054,Campbell High School,19.5,572,2928
2023,6331056,633,Cobb County,1056,East Cobb Middle School,22.29999924,297,1334
2023,6331060,633,Cobb County,1060,Garrett Middle School,35.40000153,321,906
2023,6331064,633,Cobb County,1064,McEachern High School,24.39999962,567,2327
2023,6331066,633,Cobb County,1066,Norton Park Elementary School,39.40000153,258,654
2023,6331067,633,Cobb County,1067,Powers Ferry Elementary School,29.70000076,120,404
2023,6331069,633,Cobb County,1069,Wheeler High School,14,333,2376
2023,6332050,633,Cobb County,2050,Argyle Elementary School,38.59999847,112,290
2023,6332056,633,Cobb County,2056,North Cobb High School,13,332,2555
2023,6332062,633,Cobb County,2062,King Springs Elementary School,9.699999809,106,1094
2023,6332066,633,Cobb County,2066,Osborne High School,26.89999962,746,2772
2023,6332560,633,Cobb County,2560,Griffin Middle School,23.39999962,233,994
2023,6333056,633,Cobb County,3056,South Cobb High School,26.10000038,556,2127
2023,6333058,633,Cobb County,3058,Fair Oaks Elementary School,43.09999847,321,744
2023,6333062,633,Cobb County,3062,LaBelle Elementary School,37.29999924,139,373
2023,6333064,633,Cobb County,3064,Milford Elementary School,34.70000076,124,357
2023,6333067,633,Cobb County,3067,Russell Elementary School,33.79999924,199,588
2023,6333556,633,Cobb County,3556,Compton Elementary School,36.59999847,214,584
2023,6334050,633,Cobb County,4050,Awtrey Middle School,12.30000019,77,626
2023,6334056,633,Cobb County,4056,Daniell Middle School,20,196,981
2023,6334066,633,Cobb County,4066,Pebblebrook High School,30.5,767,2511
2023,6334068,633,Cobb County,4068,Teasley Elementary School,16.79999924,166,991
2023,6334560,633,Cobb County,4560,Hollydale Elementary School,33.59999847,187,556
2023,6335050,633,Cobb County,5050,Bells Ferry Elementary School,24.20000076,171,707
2023,6335052,633,Cobb County,5052,Brumby Elementary School,38.40000153,366,953
2023,6335056,633,Cobb County,5056,Due West Elementary School,4.5,28,625
2023,6335058,633,Cobb County,5058,Floyd Middle School,37.59999847,318,845
2023,6335067,633,Cobb County,5067,Sedalia Park Elementary School,26,156,599
2023,6335068,633,Cobb County,5068,Eastvalley Elementary School,7.699999809,53,688
2023,634100,634,Coffee County,100,Indian Creek Elementary,39.09999847,220,562
2023,634102,634,Coffee County,102,Ambrose Elementary School ,42.40000153,151,356
2023,634108,634,Coffee County,108,Coffee Middle School,48.29999924,811,1679
2023,634114,634,Coffee County,114,Wiregrass Regional College and Career Academy,40.5,85,210
2023,634182,634,Coffee County,182,Satilla Elementary School,59.70000076,352,590
2023,634191,634,Coffee County,191,Broxton-Mary Hayes Elementary,46.20000076,116,251
2023,634195,634,Coffee County,195,Coffee County High School,34,420,1235
2023,634282,634,Coffee County,282,Eastside Elementary School,62.29999924,317,509
2023,634291,634,Coffee County,291,Nicholls Elementary School,59.70000076,173,290
2023,634308,634,Coffee County,308,George Washington Carver Freshman Campus,42.70000076,231,541
2023,6343052,634,Coffee County,3052,West Green Elementary School,59.79999924,204,341
2023,6345050,634,Coffee County,5050,Westside Elementary School,63.5,348,548
2023,635111,635,Colquitt County,111,Willie J. Williams Middle School,52.20000076,714,1369
2023,635178,635,Colquitt County,178,Doerun Elementary School,59.59999847,134,225
2023,635187,635,Colquitt County,187,Odom Elementary School,66.40000153,297,447
2023,635278,635,Colquitt County,278,Norman Park Elementary School,48.20000076,261,542
2023,6351554,635,Colquitt County,1554,Colquitt County High School,36.90000153,659,1787
2023,6352052,635,Colquitt County,2052,Funston Elementary School,63.5,217,342
2023,6352056,635,Colquitt County,2056,Wright Elementary School,24.89999962,113,454
2023,6353050,635,Colquitt County,3050,Stringfellow Elementary School,67.19999695,172,256
2023,6353052,635,Colquitt County,3052,CA Gray Junior High School,46.40000153,652,1406
2023,6353054,635,Colquitt County,3054,Okapilco Elementary School,56.5,173,306
2023,6354050,635,Colquitt County,4050,Cox Elementary School,73,316,433
2023,6354052,635,Colquitt County,4052,Hamilton Elementary School,28.70000076,60,209
2023,6355054,635,Colquitt County,5054,Sunset Elementary School,43.90000153,226,515
2023,636101,636,Columbia County,101,Greenbrier Middle School,4.900000095,41,845
2023,636102,636,Columbia County,102,Lewiston Elementary School,11,97,879
2023,636103,636,Columbia County,103,Grovetown Middle School,24.89999962,269,1081
2023,636106,636,Columbia County,106,River Ridge Elementary,8.5,66,777
2023,636107,636,Columbia County,107,Evans Middle School,13.89999962,136,980
2023,636108,636,Columbia County,108,Stallings Island Middle School,6.699999809,46,691
2023,636112,636,Columbia County,112,Grovetown High School,13.80000019,309,2237
2023,636183,636,Columbia County,183,Harlem High School,16.5,202,1224
2023,636186,636,Columbia County,186,Evans Elementary School,14.19999981,118,831
2023,636188,636,Columbia County,188,Blue Ridge Elementary School,18,107,595
2023,636189,636,Columbia County,189,Lakeside High School,10.10000038,197,1941
2023,636190,636,Columbia County,190,Brookwood Elementary School,29.39999962,189,642
2023,636192,636,Columbia County,192,Stevens Creek Elementary School,9.399999619,78,834
2023,636193,636,Columbia County,193,Riverside Middle School,7,53,758
2023,636194,636,Columbia County,194,Riverside Elementary School,10.69999981,74,690
2023,636197,636,Columbia County,197,Greenbrier High School,4,73,1805
2023,636208,636,Columbia County,208,Cedar Ridge Elementary School,18.29999924,207,1129
2023,636212,636,Columbia County,212,Baker Place Elementary,13.10000038,125,951
2023,636283,636,Columbia County,283,Harlem Middle School,21,206,983
2023,636290,636,Columbia County,290,Lakeside Middle School,24.39999962,130,533
2023,636297,636,Columbia County,297,Greenbrier Elementary School,3.299999952,21,645
2023,636397,636,Columbia County,397,Euchee Creek Elementary School,15.39999962,93,604
2023,636398,636,Columbia County,398,Parkway Elementary School,6,45,747
2023,6362050,636,Columbia County,2050,Columbia Middle School,13.69999981,136,993
2023,6362052,636,Columbia County,2052,Martinez Elementary School,22.60000038,168,743
2023,6363052,636,Columbia County,3052,North Columbia Elementary School,9,37,412
2023,6364050,636,Columbia County,4050,Evans High School,12,226,1887
2023,6364052,636,Columbia County,4052,North Harlem Elementary School,26.20000076,213,812
2023,6365050,636,Columbia County,5050,Grovetown Elementary School,27.70000076,259,935
2023,6365052,636,Columbia County,5052,South Columbia Elementary School,33.29999924,141,423
2023,637101,637,Cook County,101,Cook County Middle School,44.40000153,317,714
2023,637104,637,Cook County,104,Cook Elementary School,47.20000076,299,634
2023,637111,637,Cook County,111,Cook High School,36.90000153,335,909
2023,637196,637,Cook County,196,Cook Primary School,50.20000076,336,669
2023,638101,638,Coweta County,101,Arbor Springs Elementary,13.80000019,52,377
2023,638103,638,Coweta County,103,Willis Road Elementary,13.10000038,91,695
2023,638106,638,Coweta County,106,Lee Middle School,20.10000038,149,743
2023,638115,638,Coweta County,115,Brooks Elementary,11.19999981,85,759
2023,638189,638,Coweta County,189,White Oak Elementary School,29.20000076,195,667
2023,638191,638,Coweta County,191,Canongate Elementary School,10.30000019,66,639
2023,638192,638,Coweta County,192,Newnan Crossing Elementary School,19.5,169,866
2023,638195,638,Coweta County,195,Jefferson Parkway Elementary School,44.70000076,194,434
2023,638196,638,Coweta County,196,Northgate High School,11.39999962,225,1971
2023,638199,638,Coweta County,199,Poplar Road Elementary School,28.29999924,145,512
2023,638201,638,Coweta County,201,Welch Elementary School,37.5,328,874
2023,638203,638,Coweta County,203,Glanton Elementary,38.5,92,239
2023,638289,638,Coweta County,289,East Coweta Middle School,18.89999962,150,795
2023,638295,638,Coweta County,295,Thomas Crossroads Elementary School,13.30000019,49,369
2023,638299,638,Coweta County,299,Madras Middle School,17,128,753
2023,638301,638,Coweta County,301,Smokey Road Middle School,35.59999847,212,596
2023,638389,638,Coweta County,389,East Coweta High School,16.20000076,522,3213
2023,638395,638,Coweta County,395,Arnall Middle School,29.70000076,212,713
2023,638490,638,Coweta County,490,Blake Bass Middle School,13.80000019,125,903
2023,6381050,638,Coweta County,1050,Arnco-Sargent Elementary School,40.29999924,140,347
2023,6381054,638,Coweta County,1054,Ruth Hill Elementary School,50.59999847,172,340
2023,6381056,638,Coweta County,1056,Evans Middle School,30.5,235,770
2023,6382050,638,Coweta County,2050,Atkinson Elementary School,35.90000153,120,334
2023,6382052,638,Coweta County,2052,Eastside Elementary School,16.10000038,86,534
2023,6382056,638,Coweta County,2056,Northside Elementary School,18.79999924,66,352
2023,6383052,638,Coweta County,3052,Elm Street Elementary School,28.60000038,131,458
2023,6383054,638,Coweta County,3054,Moreland Elementary School,24,119,496
2023,6385054,638,Coweta County,5054,Newnan High School,22,514,2336
2023,6385056,638,Coweta County,5056,Western Elementary School,40.40000153,155,384
2023,639192,639,Crawford County,192,Crawford County Elementary,47.20000076,150,318
2023,639193,639,Crawford County,193,Crawford County High School,31.39999962,155,494
2023,639202,639,Crawford County,202,Crawford County Middle School,39.79999924,155,389
2023,639203,639,Crawford County,203,Crawford County Primary School,48.5,143,295
2023,640115,640,Crisp County,115,Crisp County Primary School,64.5,642,996
2023,640196,640,Crisp County,196,Crisp County High School,43.5,476,1095
2023,640197,640,Crisp County,197,Crisp County Middle School,57.59999847,460,798
2023,6402052,640,Crisp County,2052,Crisp County Elementary School,61.29999924,294,480
2023,641101,641,Dade County,101,Dade Elementary School,18.89999962,128,679
2023,641195,641,Dade County,195,Dade County High School,18.20000076,114,625
2023,641275,641,Dade County,275,Davis Elementary School,27.79999924,63,227
2023,641295,641,Dade County,295,Dade Middle School,19.89999962,84,422
2023,642103,642,Dawson County,103,Kilough Elementary School,18,70,388
2023,642106,642,Dawson County,106,Dawson County Middle School,19.70000076,110,557
2023,642109,642,Dawson County,109,Dawson County Junior High,17.70000076,115,648
2023,642111,642,Dawson County,111,Riverview Elementary School,27.70000076,106,382
2023,642189,642,Dawson County,189,Robinson Elementary School,22.10000038,130,587
2023,642198,642,Dawson County,198,Dawson County High School ,11.60000038,90,773
2023,642199,642,Dawson County,199,Black's Mill Elementary School,19.89999962,86,433
2023,643105,643,Decatur County,105,West Bainbridge Primary School,60.29999924,245,406
2023,643116,643,Decatur County,116,New Beginning Learning Center,49.40000153,88,178
2023,6432050,643,Decatur County,2050,Bainbridge Middle School,50.40000153,463,919
2023,6432052,643,Decatur County,2052,Hutto Elementary School,54.40000153,431,792
2023,6433050,643,Decatur County,3050,Bainbridge High School,35.20000076,432,1229
2023,6434052,643,Decatur County,4052,Jones-Wheat Primary School,59.29999924,322,543
2023,644100,644,DeKalb County,100,Narvie Harris Elementary School,30.70000076,165,537
2023,644102,644,DeKalb County,102,Wynbrooke Elementary School,24.60000038,140,570
2023,644103,644,DeKalb County,103,"Martin Luther King, Jr. High School ",43.20000076,622,1441
2023,644105,644,DeKalb County,105,Miller Grove High School,46.20000076,549,1188
2023,644107,644,DeKalb County,107,Flat Rock Elementary School,54.59999847,508,931
2023,644108,644,DeKalb County,108,Princeton Elementary School,55.09999847,385,699
2023,644113,644,DeKalb County,113,DeKalb Preparatory Academy Charter,50.90000153,286,562
2023,644172,644,DeKalb County,172,Cedar Grove High School,42.40000153,476,1123
2023,644173,644,DeKalb County,173,Vanderlyn Elementary School,3.599999905,15,417
2023,644175,644,DeKalb County,175,Austin Elementary School,1.299999952,8,621
2023,644176,644,DeKalb County,176,Redan High School,44.29999924,421,951
2023,644181,644,DeKalb County,181,Eldridge L. Miller Elementary School,63,284,451
2023,644188,644,DeKalb County,188,Panola Way Elementary School,64.40000153,391,607
2023,644189,644,DeKalb County,189,Peachtree Middle School,17.20000076,221,1288
2023,644190,644,DeKalb County,190,Pine Ridge Elementary School,49.29999924,268,544
2023,644191,644,DeKalb County,191,Browns Mill Elementary School,54.90000153,195,355
2023,644193,644,DeKalb County,193,Chapel Hill Middle School,48,332,692
2023,644197,644,DeKalb County,197,Marbut Elementary School,45,185,411
2023,644200,644,DeKalb County,200,Cedar Grove Middle School,53.70000076,417,777
2023,644201,644,DeKalb County,201,Freedom Middle School,57.59999847,652,1131
2023,644202,644,DeKalb County,202,Lithonia High School,44.79999924,665,1483
2023,644203,644,DeKalb County,203,Lithonia Middle School,55.59999847,675,1215
2023,644205,644,DeKalb County,205,Redan Middle School,53.70000076,359,668
2023,644214,644,DeKalb County,214,Dunwoody Elementary School,11.30000019,86,759
2023,644215,644,DeKalb County,215,Museum School Avondale Estates,14.10000038,82,583
2023,644272,644,DeKalb County,272,Rockbridge Elementary School,55.59999847,480,864
2023,644275,644,DeKalb County,275,Cedar Grove Elementary School,53.29999924,280,525
2023,644276,644,DeKalb County,276,Stone Mountain High School,44.5,535,1202
2023,644288,644,DeKalb County,288,Kittredge Magnet School,3,15,502
2023,644290,644,DeKalb County,290,Sequoyah Middle School,32.29999924,570,1763
2023,644291,644,DeKalb County,291,Salem Middle School,52,514,988
2023,644293,644,DeKalb County,293,Shadow Rock Elementary School,55.79999924,258,462
2023,644297,644,DeKalb County,297,"Edward L. Bouie, Sr. Elementary School",32,176,550
2023,644301,644,DeKalb County,301,Columbia Middle School,62.59999847,378,604
2023,644305,644,DeKalb County,305,Oakview Elementary,64,393,614
2023,644309,644,DeKalb County,309,Wadsworth Magnet School for High Achievers,18.39999962,36,196
2023,644311,644,DeKalb County,311,Leadership Preparatory Academy,34.59999847,94,272
2023,644314,644,DeKalb County,314,GLOBE Academy Charter School I,9.5,100,1051
2023,644315,644,DeKalb County,315,Tapestry Public Charter School,9,27,299
2023,644375,644,DeKalb County,375,Fairington Elementary School,69.59999847,368,529
2023,644397,644,DeKalb County,397,Stephenson Middle School,44.20000076,359,812
2023,644399,644,DeKalb County,399,Robert Shaw Theme School,41.59999847,134,322
2023,644401,644,DeKalb County,401,Mary McLeod Bethune Middle School,61.59999847,442,718
2023,644406,644,DeKalb County,406,Chamblee Middle School,12.80000019,125,975
2023,644407,644,DeKalb County,407,Dekalb Early College Academy,22,65,295
2023,644409,644,DeKalb County,409,Ronald E McNair Discover Learning Academy Elementary School,69.09999847,347,502
2023,644410,644,DeKalb County,410,DeKalb School of the Arts,8.899999619,27,302
2023,644475,644,DeKalb County,475,Bob Mathis Elementary School,50.90000153,171,336
2023,644497,644,DeKalb County,497,Stephenson High School,34.20000076,463,1354
2023,644500,644,DeKalb County,500,DeKalb Alternative School,65.09999847,97,149
2023,644503,644,DeKalb County,503,East DeKalb Special Education Center,13.80000019,4,29
2023,644506,644,DeKalb County,506,Stone Mountain Middle School,53.5,573,1072
2023,644507,644,DeKalb County,507,The Champion Middle Theme School,32.40000153,243,751
2023,644510,644,DeKalb County,510,Margaret Harris Comprehensive School,28.60000038,20,70
2023,644575,644,DeKalb County,575,Stone Mill Elementary School,63.09999847,345,547
2023,644597,644,DeKalb County,597,Miller Grove Middle School,55.70000076,402,722
2023,644605,644,DeKalb County,605,Tucker Middle School,38,455,1197
2023,644610,644,DeKalb County,610,"Arabia Mountain High School - Academy of Engineering, Medicine and Environm",20.29999924,240,1184
2023,644675,644,DeKalb County,675,Woodridge Elementary School,61.29999924,272,444
2023,644705,644,DeKalb County,705,DeKalb PATH Academy Charter School,42.90000153,158,368
2023,644707,644,DeKalb County,707,UHS of Laurel Heights,100,51,51
2023,644797,644,DeKalb County,797,Henderson Middle School,26.60000038,376,1411
2023,644805,644,DeKalb County,805,International Community School,42.90000153,192,448
2023,644810,644,DeKalb County,810,Elizabeth Andrews High School,20.20000076,54,267
2023,644897,644,DeKalb County,897,Druid Hills Middle School,26.29999924,251,956
2023,6441010,644,DeKalb County,1010,DeKalb Agriculture Technology and Environment School,31.29999924,239,763
2023,6441050,644,DeKalb County,1050,DeKalb Elementary School of the Arts,25.29999924,147,582
2023,6441052,644,DeKalb County,1052,Brockett Elementary School,32.29999924,127,393
2023,6441053,644,DeKalb County,1053,Chapel Hill Elementary School,55,293,533
2023,6441054,644,DeKalb County,1054,Columbia Elementary School,63.79999924,236,370
2023,6441055,644,DeKalb County,1055,Dresden Elementary School,35.09999847,201,572
2023,6441056,644,DeKalb County,1056,Evansdale Elementary School,26.39999962,135,511
2023,6441057,644,DeKalb County,1057,McNair Middle School,68,583,857
2023,6441059,644,DeKalb County,1059,Idlewood Elementary School,54.59999847,485,888
2023,6441061,644,DeKalb County,1061,Livsey Elementary School,17.89999962,59,329
2023,6441070,644,DeKalb County,1070,Tucker High School,28.60000038,453,1584
2023,6441071,644,DeKalb County,1071,Woodward Elementary School,40.79999924,205,502
2023,6441101,644,DeKalb County,1101,Peachcrest Elementary School,69.19999695,425,614
2023,6441103,644,DeKalb County,1103,Barack H. Obama Elementary Magnet School of Technology,57.59999847,506,879
2023,6441104,644,DeKalb County,1104,John Robert Lewis Elementary School,37.40000153,307,821
2023,6441105,644,DeKalb County,1105,Doraville United Elementary School,33,279,845
2023,6442050,644,DeKalb County,2050,Allgood Elementary School,54,314,581
2023,6442054,644,DeKalb County,2054,Columbia High School,54,485,898
2023,6442055,644,DeKalb County,2055,Druid Hills High School,20.39999962,277,1358
2023,6442056,644,DeKalb County,2056,Fernbank Elementary School,7.900000095,54,686
2023,6442058,644,DeKalb County,2058,Henderson Mill Elementary School,29,140,483
2023,6442059,644,DeKalb County,2059,Indian Creek Elementary School,64.09999847,565,882
2023,6442061,644,DeKalb County,2061,McLendon Elementary School,47.70000076,135,283
2023,6442062,644,DeKalb County,2062,Midvale Elementary School,30.39999962,126,415
2023,6442065,644,DeKalb County,2065,Cary Reynolds Elementary School,22.79999924,60,263
2023,6442068,644,DeKalb County,2068,Stone Mountain Elementary School,62,266,429
2023,6443050,644,DeKalb County,3050,Ashford Park Elementary School,8,54,675
2023,6443051,644,DeKalb County,3051,Briarlake Elementary School,11.19999981,40,356
2023,6443052,644,DeKalb County,3052,Canby Lane Elementary School,59.79999924,256,428
2023,6443053,644,DeKalb County,3053,Chesnut Elementary School,20.70000076,103,498
2023,6443055,644,DeKalb County,3055,Dunaire Elementary School,57,236,414
2023,6443056,644,DeKalb County,3056,Flat Shoals Elementary School,73.59999847,382,519
2023,6443057,644,DeKalb County,3057,Hambrick Elementary School,54.40000153,255,469
2023,6443059,644,DeKalb County,3059,Jolly Elementary School,59.79999924,381,637
2023,6443060,644,DeKalb County,3060,Lakeside High School,16.60000038,355,2141
2023,6443063,644,DeKalb County,3063,Oak Grove Elementary School,0.899999976,3,320
2023,6443064,644,DeKalb County,3064,Pleasantdale Elementary School,41.20000076,240,583
2023,6443065,644,DeKalb County,3065,Rock Chapel Elementary School,53.09999847,280,527
2023,6443067,644,DeKalb County,3067,Smoke Rise Elementary School,31.29999924,152,485
2023,6443069,644,DeKalb County,3069,Toney Elementary School,73.59999847,176,239
2023,6443070,644,DeKalb County,3070,McNair High School,60.5,465,768
2023,6444051,644,DeKalb County,4051,Briar Vista Elementary School,28.10000038,113,402
2023,6444052,644,DeKalb County,4052,Murphey Candler Elementary School,53.40000153,264,494
2023,6444053,644,DeKalb County,4053,Clarkston High School,44.40000153,627,1413
2023,6444054,644,DeKalb County,4054,Cross Keys High School,32.90000153,564,1714
2023,6444058,644,DeKalb County,4058,Hightower Elementary School,31.70000076,189,597
2023,6444059,644,DeKalb County,4059,Kelley Lake Elementary School,72.40000153,212,293
2023,6444060,644,DeKalb County,4060,Laurel Ridge Elementary School,22.10000038,81,367
2023,6444062,644,DeKalb County,4062,Montclair Elementary School,41.5,253,610
2023,6444063,644,DeKalb County,4063,Oakcliff Elementary School,27.79999924,171,616
2023,6444064,644,DeKalb County,4064,Rainbow Elementary School,65.40000153,193,295
2023,6444065,644,DeKalb County,4065,Rowland Elementary School,67.90000153,265,390
2023,6444067,644,DeKalb County,4067,Snapfinger Elementary School,69.80000305,316,453
2023,6444068,644,DeKalb County,4068,Stoneview Elementary School,66.09999847,495,749
2023,6444069,644,DeKalb County,4069,Towers High School,50.29999924,384,764
2023,6445016,644,DeKalb County,5016,Coralwood Education Center,10.60000038,7,66
2023,6445050,644,DeKalb County,5050,Avondale Elementary School,46.40000153,169,364
2023,6445052,644,DeKalb County,5052,Chamblee High School,13.5,240,1776
2023,6445055,644,DeKalb County,5055,Dunwoody High School,10.80000019,221,2040
2023,6445057,644,DeKalb County,5057,Hawthorne Elementary School,31.70000076,103,325
2023,6445058,644,DeKalb County,5058,Huntley Hills Elementary School,29.10000038,120,412
2023,6445059,644,DeKalb County,5059,Kingsley Elementary School,19,59,310
2023,6445062,644,DeKalb County,5062,Montgomery Elementary School,5.800000191,38,653
2023,6445064,644,DeKalb County,5064,Redan Elementary School,58.20000076,288,495
2023,6445065,644,DeKalb County,5065,Sagamore Hills Elementary School,11.39999962,45,396
2023,6445067,644,DeKalb County,5067,Southwest DeKalb High School,38.29999924,500,1307
2023,645103,645,Dodge County,103,Dodge County High School,36,302,840
2023,645180,645,Dodge County,180,Dodge County Middle School,47.90000153,303,632
2023,645191,645,Dodge County,191,South Dodge Elementary School,60.09999847,348,579
2023,645291,645,Dodge County,291,North Dodge Elementary School,52.70000076,315,598
2023,645292,645,Dodge County,292,DAC (Dodge County Achievement Center),54,27,50
2023,646104,646,Dooly County,104,Dooly County Elementary School,63.09999847,284,450
2023,646182,646,Dooly County,182,Dooly County High School,55.09999847,188,341
2023,646204,646,Dooly County,204,Dooly County Middle School,67.69999695,170,251
2023,646205,646,Dooly County,205,Dooly County Prep Academy,50,6,12
2023,647101,647,Dougherty County,101,Albany Middle School,76.90000153,641,834
2023,647102,647,Dougherty County,102,Live Oak Elementary School,66.69999695,500,750
2023,647103,647,Dougherty County,103,Robert A. Cross Middle Magnet,43.70000076,231,529
2023,647105,647,Dougherty County,105,Robert H Harvey Elementary School,81.90000153,321,392
2023,647106,647,Dougherty County,106,Radium Springs Middle School,76.69999695,705,919
2023,647199,647,Dougherty County,199,Lamar Reese School of the Arts,68.90000153,244,354
2023,647205,647,Dougherty County,205,Lincoln Elementary Magnet School,54.70000076,234,428
2023,647299,647,Dougherty County,299,Alice Coachman Elementary School,86,333,387
2023,647399,647,Dougherty County,399,"Martin Luther King, Jr. Elementary School",82.59999847,294,356
2023,647400,647,Dougherty County,400,"South Georgia Regional Achievement Center, The Phoenix",68.09999847,32,47
2023,6471058,647,Dougherty County,1058,Monroe High School,61.70000076,665,1078
2023,6472052,647,Dougherty County,2052,Dougherty Comprehensive High School,58.79999924,709,1205
2023,6472058,647,Dougherty County,2058,Morningside Elementary School,90,279,310
2023,6473058,647,Dougherty County,3058,Northside Elementary School,82.59999847,251,304
2023,6473062,647,Dougherty County,3062,Turner Elementary School,83.90000153,369,440
2023,6474054,647,Dougherty County,4054,Lake Park Elementary School,33.29999924,156,468
2023,6474056,647,Dougherty County,4056,Merry Acres Middle School,64.90000153,496,764
2023,6474060,647,Dougherty County,4060,Sherwood Acres Elementary School,65.90000153,386,586
2023,6474062,647,Dougherty County,4062,Westover High School,42.90000153,584,1360
2023,6475056,647,Dougherty County,5056,International Studies Elementary Charter School,46.09999847,206,447
2023,6475058,647,Dougherty County,5058,Radium Springs Elementary School,73.69999695,305,414
2023,6475062,647,Dougherty County,5062,West Town Elementary School,76.59999847,239,312
2023,648100,648,Douglas County,100,Chapel Hill High School,18.20000076,293,1609
2023,648103,648,Douglas County,103,Yeager Middle School,35.79999924,194,542
2023,648104,648,Douglas County,104,North Douglas Elementary School,53.20000076,269,506
2023,648107,648,Douglas County,107,Bill Arp Elementary School,42.29999924,258,610
2023,648108,648,Douglas County,108,Factory Shoals Middle School,34.5,290,840
2023,648112,648,Douglas County,112,Mason Creek Elementary School,29.20000076,161,552
2023,648113,648,Douglas County,113,Mason Creek Middle School,30.70000076,270,879
2023,648175,648,Douglas County,175,Lithia Springs Comprehensive High School,33.5,500,1494
2023,648178,648,Douglas County,178,Arbor Station Elementary School,37.70000076,211,559
2023,648180,648,Douglas County,180,Fairplay Middle School,16.39999962,88,537
2023,648184,648,Douglas County,184,Dorsett Shoals Elementary School,40.09999847,155,387
2023,648187,648,Douglas County,187,Alexander High School,18.60000038,339,1825
2023,648188,648,Douglas County,188,Chestnut Log Middle School,43.09999847,313,726
2023,648193,648,Douglas County,193,South Douglas Elementary School,12.89999962,67,520
2023,648198,648,Douglas County,198,Bright Star Elementary School,38.70000076,165,426
2023,648200,648,Douglas County,200,Holly Springs Elementary School,23,130,566
2023,648203,648,Douglas County,203,New Manchester Elementary School,38.90000153,324,832
2023,648208,648,Douglas County,208,Chapel Hill Elementary School,32.40000153,210,649
2023,648212,648,Douglas County,212,New Manchester High School,27.60000038,522,1894
2023,648213,648,Douglas County,213,Factory Shoals Elementary School,50.79999924,302,594
2023,648298,648,Douglas County,298,Sweetwater Elementary School,48.5,224,462
2023,648303,648,Douglas County,303,Mirror Lake Elementary School,31.20000076,163,523
2023,648398,648,Douglas County,398,Burnett Elementary School,58,229,395
2023,648407,648,Douglas County,407,Brighten Academy,24,192,800
2023,648498,648,Douglas County,498,Eastside Elementary School,50.09999847,228,455
2023,648507,648,Douglas County,507,Youth Villages at Inner Harbour,100,35,35
2023,6481054,648,Douglas County,1054,Winston Elementary School,45.20000076,145,321
2023,6482050,648,Douglas County,2050,Beulah Elementary School,37.29999924,169,453
2023,6482054,648,Douglas County,2054,Turner Middle School,35.90000153,266,740
2023,6483052,648,Douglas County,3052,Lithia Springs Elementary School,38.5,197,512
2023,6483550,648,Douglas County,3550,Chapel Hill Middle School,24.29999924,267,1098
2023,6484050,648,Douglas County,4050,Douglas County High School,30.70000076,604,1969
2023,6484052,648,Douglas County,4052,Mount Carmel Elementary School,35.40000153,148,418
2023,6485050,648,Douglas County,5050,Stewart Middle School,45.79999924,254,554
2023,6485052,648,Douglas County,5052,Annette Winn Elementary School,38.90000153,128,329
2023,649194,649,Early County,194,Early County Elementary School,70.40000153,468,665
2023,649197,649,Early County,197,Early County Middle School,64.5,249,386
2023,6492050,649,Early County,2050,Early County High School,51.20000076,282,551
2023,650112,650,Echols County,112,Echols County Elementary/Middle School,48.40000153,287,593
2023,6501050,650,Echols County,1050,Echols County High School,46.20000076,117,253
2023,651103,651,Effingham County,103,Springfield Elementary School,31.29999924,210,670
2023,651105,651,Effingham County,105,Marlow Elementary School,13.80000019,97,704
2023,651107,651,Effingham County,107,Blandford Elementary School,20.70000076,174,839
2023,651186,651,Effingham County,186,South Effingham Elementary School,7.599999905,63,833
2023,651190,651,Effingham County,190,Guyton Elementary School,27.39999962,181,661
2023,651196,651,Effingham County,196,Sand Hill Elementary School,20.20000076,162,803
2023,651197,651,Effingham County,197,South Effingham High School,10.89999962,205,1888
2023,651203,651,Effingham County,203,Ebenezer Middle School,15,140,934
2023,651290,651,Effingham County,290,Effingham County Middle School,25.89999962,276,1064
2023,651296,651,Effingham County,296,Ebenezer Elementary School,19.5,166,851
2023,651297,651,Effingham County,297,South Effingham Middle School,12.69999981,139,1097
2023,651390,651,Effingham County,390,Effingham County High School,18.10000038,382,2108
2023,6514050,651,Effingham County,4050,Rincon Elementary School,24.89999962,233,935
2023,652104,652,Elbert County,104,Elbert County Middle School ,41,381,929
2023,652176,652,Elbert County,176,Elbert County High School,30.20000076,264,875
2023,652213,652,Elbert County,213,Elbert County Primary School,47.90000153,221,461
2023,652313,652,Elbert County,313,Elbert County Elementary School,42.79999924,281,656
2023,653100,653,Emanuel County,100,Twin City Elementary School,42.90000153,204,476
2023,653189,653,Emanuel County,189,Swainsboro High School,41.20000076,334,810
2023,653192,653,Emanuel County,192,Swainsboro Middle School,54.5,354,650
2023,653196,653,Emanuel County,196,Swainsboro Primary School,58.79999924,410,697
2023,653198,653,Emanuel County,198,Swainsboro Elementary School,56.20000076,339,603
2023,6532050,653,Emanuel County,2050,Emanuel County Institute,36.09999847,215,596
2023,654196,654,Evans County,196,Claxton Elementary School,57.40000153,452,788
2023,654197,654,Evans County,197,Second Chance,69.59999847,32,46
2023,6542050,654,Evans County,2050,Claxton High School,36.5,187,512
2023,6543050,654,Evans County,3050,Claxton Middle School,56.5,214,379
2023,655176,655,Fannin County,176,Fannin County High School,19.70000076,177,900
2023,655193,655,Fannin County,193,Fannin County Middle School,24,149,620
2023,655194,655,Fannin County,194,East Fannin Elementary School,36.09999847,142,393
2023,655293,655,Fannin County,293,West Fannin Elementary School,25.89999962,108,417
2023,6551050,655,Fannin County,1050,Blue Ridge Elementary School,28.60000038,111,388
2023,656102,656,Fayette County,102,Cleveland Elementary School,20,76,380
2023,656103,656,Fayette County,103,Sara Harp Minter Elementary School,7.699999809,57,739
2023,656104,656,Fayette County,104,Crabapple Lane Elementary School,5.699999809,32,562
2023,656105,656,Fayette County,105,Whitewater High School,7.400000095,103,1388
2023,656108,656,Fayette County,108,Bennett's Mill Middle School,22.39999962,200,892
2023,656111,656,Fayette County,111,Inman Elementary,13.19999981,82,619
2023,656178,656,Fayette County,178,J.C. Booth Middle School,6.199999809,72,1160
2023,656180,656,Fayette County,180,Huddleston Elementary School,11.10000038,65,583
2023,656181,656,Fayette County,181,North Fayette Elementary School,32.79999924,190,580
2023,656182,656,Fayette County,182,McIntosh High School,4,67,1695
2023,656186,656,Fayette County,186,Oak Grove Elementary School,8.199999809,36,441
2023,656191,656,Fayette County,191,Braelinn Elementary School,0.899999976,5,554
2023,656192,656,Fayette County,192,Sandy Creek High School,16.79999924,200,1188
2023,656196,656,Fayette County,196,Kedron Elementary School,6.099999905,42,693
2023,656198,656,Fayette County,198,Starrs Mill High School,2.299999952,31,1360
2023,656199,656,Fayette County,199,Peeples Elementary School,3.099999905,22,721
2023,656291,656,Fayette County,291,Robert J. Burch Elementary School,27.10000038,147,543
2023,656296,656,Fayette County,296,Spring Hill Elementary School,30.79999924,194,630
2023,656298,656,Fayette County,298,Rising Starr Middle School,2.799999952,26,927
2023,656391,656,Fayette County,391,Whitewater Middle School,9.199999809,80,865
2023,656398,656,Fayette County,398,Fayette County High School,18.5,253,1370
2023,656402,656,Fayette County,402,Fayetteville Elementary School,26.79999924,124,463
2023,656491,656,Fayette County,491,Flat Rock Middle School,22.39999962,198,883
2023,6561052,656,Fayette County,1052,Peachtree City Elementary School,5.400000095,25,460
2023,657102,657,Floyd County,102,Johnson Elementary,20.79999924,89,427
2023,657103,657,Floyd County,103,Coosa Middle School,36.09999847,194,537
2023,657107,657,Floyd County,107,Pepperell High School,27.70000076,248,896
2023,657111,657,Floyd County,111,Model High,16.10000038,147,913
2023,657188,657,Floyd County,188,Model Elementary School,33.90000153,151,445
2023,657195,657,Floyd County,195,Armuchee Primary School,30.39999962,123,405
2023,657199,657,Floyd County,199,Pepperell Elementary,44.09999847,221,501
2023,657203,657,Floyd County,203,Model Middle School,24.70000076,128,519
2023,657273,657,Floyd County,273,Pepperell Middle School,43.09999847,224,520
2023,657401,657,Floyd County,401,Armuchee High School,19.5,158,809
2023,657402,657,Floyd County,402,Armuchee Elementary School,26.89999962,139,516
2023,6571050,657,Floyd County,1050,Alto Park Elementary School,39.40000153,142,360
2023,6572052,657,Floyd County,2052,Garden Lakes Elementary School,37.70000076,172,456
2023,6574054,657,Floyd County,4054,Pepperell Primary,39.79999924,140,352
2023,6575050,657,Floyd County,5050,Coosa High School,27.79999924,236,848
2023,658100,658,Forsyth County,100,Settles Bridge Elementary School,1.899999976,17,878
2023,658102,658,Forsyth County,102,Matt Elementary School,6.599999905,72,1098
2023,658103,658,Forsyth County,103,Cumming Elementary School,22.20000076,196,884
2023,658104,658,Forsyth County,104,Sharon Elementary School,2.5,23,913
2023,658105,658,Forsyth County,105,Riverwatch Middle School,2,31,1537
2023,658106,658,Forsyth County,106,Shiloh Point Elementary,2.900000095,33,1121
2023,658107,658,Forsyth County,107,West Forsyth High School,3.5,85,2406
2023,658108,658,Forsyth County,108,Johns Creek Elementary,2.5,24,957
2023,658176,658,Forsyth County,176,Mashburn Elementary School,7.300000191,66,902
2023,658182,658,Forsyth County,182,Coal Mountain Elementary School,9.199999809,67,727
2023,658190,658,Forsyth County,190,South Forsyth High School,1.5,36,2445
2023,658194,658,Forsyth County,194,Chattahoochee Elementary School,17.5,135,772
2023,658195,658,Forsyth County,195,North Forsyth High School,5,104,2066
2023,658197,658,Forsyth County,197,Daves Creek Elementary School,1.399999976,16,1104
2023,658198,658,Forsyth County,198,Vickery Creek Elementary School,2,23,1130
2023,658199,658,Forsyth County,199,Vickery Creek Middle School,3.099999905,32,1022
2023,658202,658,Forsyth County,202,Otwell Middle School,16.20000076,167,1034
2023,658203,658,Forsyth County,203,Sawnee Elementary School,6.900000095,116,1675
2023,658204,658,Forsyth County,204,Chestatee Elementary,15.10000038,182,1205
2023,658206,658,Forsyth County,206,Little Mill Middle School,12.5,114,915
2023,658207,658,Forsyth County,207,Poole's Mill Elementary,6.699999809,71,1064
2023,658211,658,Forsyth County,211,Brookwood Elementary,2.799999952,26,915
2023,658213,658,Forsyth County,213,George W. Whitlow Elementary,8.5,99,1166
2023,658214,658,Forsyth County,214,Lambert High School,1.600000024,48,3007
2023,658215,658,Forsyth County,215,Haw Creek Elementary,3.700000048,33,904
2023,658216,658,Forsyth County,216,Lakeside Middle School,3.299999952,49,1478
2023,658303,658,Forsyth County,303,Liberty Middle School,5.800000191,60,1034
2023,658307,658,Forsyth County,307,Silver City Elementary School,7.199999809,80,1106
2023,658313,658,Forsyth County,313,Kelly Mill Elementary,3.099999905,32,1041
2023,658407,658,Forsyth County,407,Piney Grove Middle School,3,31,1026
2023,658498,658,Forsyth County,498,North Forsyth Middle School,9.600000381,114,1191
2023,658598,658,Forsyth County,598,South Forsyth Middle School,2.099999905,29,1411
2023,658699,658,Forsyth County,699,Brandywine Elementary School,9.800000191,116,1178
2023,658700,658,Forsyth County,700,DeSana Middle School,8,97,1215
2023,658701,658,Forsyth County,701,Alliance Academy for Innovation,2.099999905,23,1110
2023,658702,658,Forsyth County,702,Denmark High School,5.5,135,2460
2023,658703,658,Forsyth County,703,Hendricks Middle School,3,40,1346
2023,658704,658,Forsyth County,704,East Forsyth High School,8.300000191,120,1454
2023,658705,658,Forsyth County,705,New Hope Elementary School,6,60,996
2023,6581050,658,Forsyth County,1050,Big Creek Elementary School,3.799999952,26,681
2023,6581052,658,Forsyth County,1052,Midway Elementary School,3.900000095,27,700
2023,6585050,658,Forsyth County,5050,Forsyth Central High School,9.699999809,229,2372
2023,659105,659,Franklin County,105,Franklin County Middle School,32.70000076,271,828
2023,659107,659,Franklin County,107,Carnesville Elementary School,28.60000038,191,669
2023,6591052,659,Franklin County,1052,Royston Elementary School,40.40000153,199,493
2023,6593050,659,Franklin County,3050,Franklin County High School,23.39999962,246,1050
2023,6595050,659,Franklin County,5050,Lavonia Elementary School,40.40000153,222,549
2023,660100,660,Fulton County,100,Summit Hill Elementary,0.400000006,3,683
2023,660101,660,Fulton County,101,Abbotts Hill Elementary School,7.199999809,41,571
2023,660102,660,Fulton County,102,Creek View Elementary School,2.400000095,24,1011
2023,660103,660,Fulton County,103,Hembree Springs Elementary School,19,87,457
2023,660104,660,Fulton County,104,Spalding Drive Elementary,15.89999962,50,315
2023,660105,660,Fulton County,105,Hopewell Middle School,6,73,1222
2023,660106,660,Fulton County,106,Milton High School,4.400000095,90,2038
2023,660107,660,Fulton County,107,Renaissance Middle School ,45.09999847,526,1166
2023,660109,660,Fulton County,109,Renaissance ES,45,252,560
2023,660114,660,Fulton County,114,Feldwood Elementary School,57.29999924,367,641
2023,660116,660,Fulton County,116,Main Street Charter Academy,36.40000153,314,863
2023,660118,660,Fulton County,118,Hapeville Charter Career Academy,38.40000153,264,687
2023,660119,660,Fulton County,119,Cambridge High School,2.200000048,39,1750
2023,660175,660,Fulton County,175,Jackson Elementary School,36.40000153,180,495
2023,660176,660,Fulton County,176,Banneker High School,53.20000076,856,1610
2023,660180,660,Fulton County,180,Dolvin Elementary School,4.400000095,31,704
2023,660184,660,Fulton County,184,Crabapple Middle School,8,70,871
2023,660186,660,Fulton County,186,Camp Creek Middle School,56.40000153,363,644
2023,660187,660,Fulton County,187,Barnwell Elementary School,4,27,672
2023,660189,660,Fulton County,189,McNair Middle School,54.79999924,487,888
2023,660190,660,Fulton County,190,Lake Windward Elementary School,1.600000024,11,693
2023,660191,660,Fulton County,191,Roswell High School,9.100000381,193,2120
2023,660192,660,Fulton County,192,Hapeville Elementary School,48.5,230,474
2023,660193,660,Fulton County,193,Crabapple Crossing Elementary School,1.5,10,649
2023,660195,660,Fulton County,195,New Prospect Elementary School,5.400000095,26,484
2023,660197,660,Fulton County,197,Northwood Elementary School,9.199999809,59,642
2023,660198,660,Fulton County,198,Centennial High School,13.60000038,243,1788
2023,660199,660,Fulton County,199,Stonewall Tell Elementary School,35.90000153,215,599
2023,660202,660,Fulton County,202,Hillside Elementary School,15.60000038,75,480
2023,660203,660,Fulton County,203,Northview High School,2.900000095,49,1674
2023,660204,660,Fulton County,204,KIPP South Fulton Academy School,39.59999847,144,364
2023,660205,660,Fulton County,205,Alpharetta High School,4.199999809,92,2174
2023,660206,660,Fulton County,206,Oakley Elementary School,50.09999847,343,684
2023,660207,660,Fulton County,207,Dunwoody Springs Elementary School,33.40000153,158,473
2023,660215,660,Fulton County,215,Chattahoochee Hills Charter School,28.89999962,153,529
2023,660273,660,Fulton County,273,S. L. Lewis Elementary School,60,296,493
2023,660275,660,Fulton County,275,Nolan Elementary School,61.20000076,399,652
2023,660276,660,Fulton County,276,Gullatt Elementary School,59.79999924,420,702
2023,660284,660,Fulton County,284,Holcomb Bridge Middle School,26.60000038,174,654
2023,660286,660,Fulton County,286,Ridgeview Charter School,25.20000076,251,996
2023,660289,660,Fulton County,289,Woodland Middle School,63.59999847,508,799
2023,660291,660,Fulton County,291,Creekside High School,42,742,1768
2023,660292,660,Fulton County,292,Palmetto Elementary School,53.5,175,327
2023,660295,660,Fulton County,295,Findley Oaks Elementary School,2,11,543
2023,660297,660,Fulton County,297,State Bridge Crossing Elementary School,5.099999905,33,650
2023,660298,660,Fulton County,298,Sweet Apple Elementary School,1.700000048,13,748
2023,660299,660,Fulton County,299,Manning Oaks Elementary School ,12.60000038,92,730
2023,660301,660,Fulton County,301,Heritage Elementary School,70.40000153,314,446
2023,660302,660,Fulton County,302,Elkins Pointe Middle School,17.5,153,873
2023,660303,660,Fulton County,303,Cogburn Woods Elementary School ,4.699999809,35,741
2023,660305,660,Fulton County,305,Autrey Mill Middle School,2.799999952,35,1260
2023,660307,660,Fulton County,307,Georgia Baptist Children's Home and Family Ministries,100,16,16
2023,660373,660,Fulton County,373,Mountain Park Elementary School,2.799999952,22,785
2023,660384,660,Fulton County,384,Haynes Bridge Middle School,10,61,612
2023,660386,660,Fulton County,386,Independence High School,17.89999962,35,195
2023,660390,660,Fulton County,390,Randolph Elementary School,47.79999924,217,454
2023,660391,660,Fulton County,391,Bear Creek Middle School,47.29999924,524,1108
2023,660392,660,Fulton County,392,Chattahoochee High School,3.299999952,62,1852
2023,660397,660,Fulton County,397,River Eves Elementary School,12.30000019,68,553
2023,660398,660,Fulton County,398,Shakerag Elementary School,4.099999905,26,630
2023,660402,660,Fulton County,402,River Trail Middle School,3.299999952,36,1088
2023,660405,660,Fulton County,405,Wilson Creek Elementary School ,2.400000095,19,795
2023,660406,660,Fulton County,406,Amana Academy School,16,117,731
2023,660491,660,Fulton County,491,Medlock Bridge Elementary School,6.199999809,36,577
2023,660497,660,Fulton County,497,Webb Bridge Middle School,4,47,1173
2023,660501,660,Fulton County,501,Hamilton E. Holmes Elementary,65,320,492
2023,660503,660,Fulton County,503,Liberty Point Elementary School,48.09999847,314,653
2023,660505,660,Fulton County,505,Sandtown Middle School ,35.29999924,373,1057
2023,660591,660,Fulton County,591,Taylor Road Middle School,4.199999809,52,1250
2023,660597,660,Fulton County,597,Northwestern Middle School,2.799999952,32,1143
2023,660603,660,Fulton County,603,Sandy Springs Middle School,30.10000038,247,821
2023,660691,660,Fulton County,691,Tri-Cities High School,48,713,1484
2023,660701,660,Fulton County,701,Ocee Elementary School,5.400000095,33,612
2023,660702,660,Fulton County,702,Woodland Elementary School,21.20000076,195,920
2023,660803,660,Fulton County,803,Paul D. West Middle School,59.20000076,475,803
2023,660909,660,Fulton County,909,Lake Forest Elementary,47,266,566
2023,660910,660,Fulton County,910,Johns Creek High School,2.5,49,1930
2023,6601010,660,Fulton County,1010,Cliftondale Elementary School,41.40000153,252,609
2023,6601050,660,Fulton County,1050,Alpharetta Elementary School,5.800000191,30,515
2023,6601067,660,Fulton County,1067,Roswell North Elementary School,6,49,813
2023,6601110,660,Fulton County,1110,Langston Hughes High School,39.40000153,773,1964
2023,6601210,660,Fulton County,1210,Birmingham Falls Elementary School,1.600000024,12,755
2023,6601310,660,Fulton County,1310,Ison Springs Elementary School,32.79999924,142,433
2023,6601312,660,Fulton County,1312,RISE Grammar School,49.79999924,221,444
2023,6601313,660,Fulton County,1313,RISE Prep School,44,139,316
2023,6601315,660,Fulton County,1315,College Park Elementary,68.09999847,316,464
2023,6601316,660,Fulton County,1316,Vickery Mill Elementary,39,157,403
2023,6601317,660,Fulton County,1317,Wolf Creek Elementary,30.89999962,230,744
2023,6601319,660,Fulton County,1319,Fulton Academy of Science and Technology,3.099999905,16,516
2023,6601320,660,Fulton County,1320,Skyview High School,42.70000076,105,246
2023,6601321,660,Fulton County,1321,Wellspring Living,90,9,10
2023,6601322,660,Fulton County,1322,Innovation Academy,2.599999905,29,1136
2023,6601323,660,Fulton County,1323,Global Impact Academy,24,103,430
2023,6601325,660,Fulton County,1325,Fulton Academy of Virtual Excellence,34.09999847,214,627
2023,6602058,660,Fulton County,2058,Bethune Elementary School,63.5,304,479
2023,6602070,660,Fulton County,2070,Campbell Elementary School,51.29999924,271,528
2023,6602550,660,Fulton County,2550,Brookview Elementary School,72.30000305,269,372
2023,6603056,660,Fulton County,3056,Heards Ferry Elementary School,2.400000095,16,658
2023,6603058,660,Fulton County,3058,Lee Elementary School,59.20000076,270,456
2023,6603064,660,Fulton County,3064,Parklane Elementary School,66.30000305,187,282
2023,6603066,660,Fulton County,3066,Riverwood International Charter School,18,312,1737
2023,6604056,660,Fulton County,4056,High Point Elementary School,27.29999924,172,631
2023,6604060,660,Fulton County,4060,Mimosa Elementary School,31.10000038,185,595
2023,6604062,660,Fulton County,4062,North Springs High School,22.70000076,290,1275
2023,6604069,660,Fulton County,4069,E. C. West Elementary School,42.79999924,345,806
2023,6605052,660,Fulton County,5052,Conley Hills Elementary School,66.40000153,241,363
2023,6605060,660,Fulton County,5060,Asa Hilliard Elementary School,67.19999695,289,430
2023,6605069,660,Fulton County,5069,Westlake High School,27.70000076,682,2461
2023,661103,661,Gilmer County,103,Mountain View Elementary,37.29999924,249,668
2023,661107,661,Gilmer County,107,Clear Creek Middle School,31.60000038,290,917
2023,661113,661,Gilmer County,113,Clear Creek Elementary School,26.20000076,156,596
2023,661196,661,Gilmer County,196,Gilmer High School,24.39999962,287,1174
2023,661212,661,Gilmer County,212,Ellijay Elementary School,38.90000153,239,615
2023,662196,662,Glascock County,196,Glascock County Middle/High School,22,73,332
2023,662197,662,Glascock County,197,Glascock County Elementary School,28,56,200
2023,663106,663,Glynn County,106,Sterling Elementary School,38.40000153,261,680
2023,663107,663,Glynn County,107,"Morningstar Treatment Services, Inc. Youth Estate",100,28,28
2023,663112,663,Glynn County,112,Glynn Middle,32.29999924,263,815
2023,663114,663,Glynn County,114,Jane Macon Middle,42.90000153,335,780
2023,663116,663,Glynn County,116,Risley Middle School,38.29999924,243,635
2023,663178,663,Glynn County,178,Glyndale Elementary School,47.59999847,272,572
2023,663190,663,Glynn County,190,Golden Isles Elementary School,42,240,572
2023,663195,663,Glynn County,195,Oglethorpe Point Elementary School,16.5,83,503
2023,663198,663,Glynn County,198,Satilla Marsh Elementary School,18.79999924,131,696
2023,663199,663,Glynn County,199,Needwood Middle School,32.29999924,242,749
2023,663298,663,Glynn County,298,Greer Elementary School,27.29999924,155,568
2023,6631052,663,Glynn County,1052,Altama Elementary School,53.20000076,287,539
2023,6631056,663,Glynn County,1056,St. Simons Elementary School,27.60000038,132,478
2023,6633552,663,Glynn County,3552,Brunswick High School,30.39999962,587,1933
2023,6634052,663,Glynn County,4052,Burroughs-Molette Elementary School,78.40000153,424,541
2023,6634752,663,Glynn County,4752,Glynn Academy,21.79999924,398,1823
2023,6635052,663,Glynn County,5052,Goodyear Elementary School,67.5,293,434
2023,664106,664,Gordon County,106,Sonoraville High School,20.29999924,232,1143
2023,664110,664,Gordon County,110,Sonoraville Elementary,24.20000076,133,549
2023,664115,664,Gordon County,115,Red Bud Middle School,23.5,194,826
2023,664176,664,Gordon County,176,Tolbert Elementary School,37.59999847,179,476
2023,664190,664,Gordon County,190,Red Bud Elementary School,28.70000076,135,470
2023,664274,664,Gordon County,274,Swain Elementary School,36.70000076,130,354
2023,664286,664,Gordon County,286,Gordon Central High School,23.20000076,202,872
2023,664292,664,Gordon County,292,Ashworth Middle School,28,167,597
2023,6641050,664,Gordon County,1050,Belwood Elementary School,26.5,117,441
2023,6642050,664,Gordon County,2050,Fairmount Elementary School,37.29999924,134,359
2023,665174,665,Grady County,174,Washington Middle School,47.40000153,325,686
2023,665185,665,Grady County,185,Eastside Elementary School,53.09999847,283,533
2023,6651050,665,Grady County,1050,Cairo High School,32.90000153,420,1275
2023,6651054,665,Grady County,1054,Whigham Elementary School,23.70000076,99,417
2023,6651550,665,Grady County,1550,Northside Elementary School,46.20000076,159,344
2023,6652050,665,Grady County,2050,Southside Elementary School,54.40000153,258,474
2023,6653050,665,Grady County,3050,Shiver Elementary School,36.79999924,168,456
2023,666101,666,Greene County,101,Anita White Carson Middle School,56.5,296,524
2023,666109,666,Greene County,109,LAKE OCONEE CHARTER,13.39999962,108,806
2023,666201,666,Greene County,201,Greene County Primary School,55.79999924,225,403
2023,666401,666,Greene County,401,Greene County High School,41.40000153,174,420
2023,666402,666,Greene County,402,Lake Oconee Charter High School,5.800000191,16,274
2023,667100,667,Gwinnett County,100,Rock Springs Elementary School,18.60000038,135,725
2023,667101,667,Gwinnett County,101,Grayson High School,13.30000019,439,3290
2023,667103,667,Gwinnett County,103,Norcross High School,23.39999962,611,2611
2023,667105,667,Gwinnett County,105,Mill Creek High School,7.400000095,210,2839
2023,667108,667,Gwinnett County,108,Trickum Middle School ,16.60000038,357,2148
2023,667109,667,Gwinnett County,109,Benefield Elementary School,27.5,323,1174
2023,667173,667,Gwinnett County,173,Centerville Elementary School,39.59999847,266,672
2023,667176,667,Gwinnett County,176,Parkview High School,12.80000019,416,3262
2023,667180,667,Gwinnett County,180,Head Elementary School,12.39999962,93,747
2023,667182,667,Gwinnett County,182,Brookwood High School,10,389,3878
2023,667184,667,Gwinnett County,184,Berkeley Lake Elementary School,19.29999924,153,794
2023,667185,667,Gwinnett County,185,Shiloh High School,26.60000038,587,2207
2023,667186,667,Gwinnett County,186,Pinckneyville Middle School,23.29999924,281,1206
2023,667187,667,Gwinnett County,187,Meadowcreek High School,26.89999962,716,2663
2023,667188,667,Gwinnett County,188,Richards Middle School,27.20000076,540,1986
2023,667189,667,Gwinnett County,189,Phoenix High School,13.89999962,106,762
2023,667190,667,Gwinnett County,190,Chattahoochee Elementary School,15.39999962,167,1083
2023,667191,667,Gwinnett County,191,Dacula Elementary School,22.79999924,266,1165
2023,667193,667,Gwinnett County,193,Walnut Grove Elementary School,20.70000076,148,715
2023,667194,667,Gwinnett County,194,Craig Elementary School,12.89999962,137,1061
2023,667195,667,Gwinnett County,195,Collins Hill High School,14,377,2695
2023,667196,667,Gwinnett County,196,Harbins Elementary School,16.5,232,1407
2023,667197,667,Gwinnett County,197,Creekland Middle School,18.20000076,338,1860
2023,667198,667,Gwinnett County,198,Crews Middle School,11.80000019,168,1421
2023,667199,667,Gwinnett County,199,Meadowcreek Elementary School,37.5,307,818
2023,667200,667,Gwinnett County,200,Freeman's Mill Elementary School,14.89999962,157,1053
2023,667204,667,Gwinnett County,204,Osborne Middle School,9,150,1667
2023,667205,667,Gwinnett County,205,Corley Elementary School,29.10000038,312,1072
2023,667208,667,Gwinnett County,208,Mulberry Elementary School,16.10000038,109,679
2023,667209,667,Gwinnett County,209,Lanier Middle School,14.19999981,192,1349
2023,667210,667,Gwinnett County,210,Lovin Elementary School,23.5,197,839
2023,667275,667,Gwinnett County,275,Knight Elementary School,21,182,865
2023,667276,667,Gwinnett County,276,Sweetwater Middle School,27,400,1480
2023,667279,667,Gwinnett County,279,Five Forks Middle School,12.69999981,155,1218
2023,667280,667,Gwinnett County,280,Beaver Ridge Elementary School,37.09999847,346,932
2023,667282,667,Gwinnett County,282,Annistown Elementary School,37.90000153,269,709
2023,667283,667,Gwinnett County,283,Shiloh Middle School,36.79999924,639,1738
2023,667285,667,Gwinnett County,285,Hopkins Elementary School,31,326,1051
2023,667286,667,Gwinnett County,286,Brookwood Elementary School,13.89999962,203,1457
2023,667287,667,Gwinnett County,287,Norton Elementary School,42.5,385,905
2023,667288,667,Gwinnett County,288,Minor Elementary School,31.5,273,866
2023,667289,667,Gwinnett County,289,McKendree Elementary School,28.70000076,279,971
2023,667291,667,Gwinnett County,291,Shiloh Elementary School,35.20000076,248,704
2023,667294,667,Gwinnett County,294,Nesbit Elementary School,34.09999847,392,1149
2023,667295,667,Gwinnett County,295,Fort Daniel Elementary School,14.39999962,96,668
2023,667296,667,Gwinnett County,296,Sugar Hill Elementary School,20.39999962,225,1104
2023,667297,667,Gwinnett County,297,Hull Middle School,12.10000038,152,1252
2023,667298,667,Gwinnett County,298,Mason Elementary School,17.79999924,171,960
2023,667300,667,Gwinnett County,300,Stripling Elementary School,39.5,302,764
2023,667304,667,Gwinnett County,304,Berkmar Middle School,24.89999962,270,1084
2023,667305,667,Gwinnett County,305,Ivy Creek Elementary School,12.5,193,1539
2023,667309,667,Gwinnett County,309,Rosebud Elementary School,38.79999924,376,969
2023,667376,667,Gwinnett County,376,Gwin Oaks Elementary School,12.69999981,130,1024
2023,667380,667,Gwinnett County,380,Dacula Middle School,19,349,1839
2023,667382,667,Gwinnett County,382,Arcado Elementary School,20.5,198,968
2023,667388,667,Gwinnett County,388,Gwinnett InterVention Education (GIVE) Center East,36.29999924,82,226
2023,667389,667,Gwinnett County,389,Cedar Hill Elementary School,28.79999924,258,895
2023,667391,667,Gwinnett County,391,Pharr Elementary School,19.89999962,145,729
2023,667394,667,Gwinnett County,394,Simonton Elementary School,30.60000038,220,719
2023,667395,667,Gwinnett County,395,Jackson Elementary School,22.10000038,328,1487
2023,667397,667,Gwinnett County,397,Magill Elementary School,35.5,447,1258
2023,667398,667,Gwinnett County,398,Partee Elementary School,34.09999847,246,722
2023,667400,667,Gwinnett County,400,Riverside Elementary School,2.700000048,26,961
2023,667405,667,Gwinnett County,405,Jones Middle School,12.19999981,190,1562
2023,667409,667,Gwinnett County,409,Puckett's Mill Elementary School,9,70,776
2023,667494,667,Gwinnett County,494,Simpson Elementary School,4.400000095,40,911
2023,667495,667,Gwinnett County,495,Kanoheda Elementary School,27.29999924,237,868
2023,667497,667,Gwinnett County,497,McConnell Middle School,18.89999962,412,2176
2023,667498,667,Gwinnett County,498,Taylor Elementary School,19,165,869
2023,667505,667,Gwinnett County,505,Sycamore Elementary School,17.60000038,129,734
2023,667509,667,Gwinnett County,509,Trip Elementary School,23.89999962,314,1314
2023,667605,667,Gwinnett County,605,Cooper Elementary School,21.5,309,1439
2023,667608,667,Gwinnett County,608,Patrick Elementary School,17.89999962,157,877
2023,667705,667,Gwinnett County,705,Parsons Elementary School,10.80000019,89,827
2023,667708,667,Gwinnett County,708,Oakland Meadow School,13.30000019,6,45
2023,667805,667,Gwinnett County,805,Peachtree Ridge High School,11.80000019,389,3300
2023,667905,667,Gwinnett County,905,Duluth Middle School ,23.70000076,301,1271
2023,6671005,667,Gwinnett County,1005,Alcova Elementary School,24,344,1433
2023,6671010,667,Gwinnett County,1010,Bay Creek Middle School,18.29999924,244,1330
2023,6671012,667,Gwinnett County,1012,Grace Snell Middle School,30.10000038,382,1268
2023,6671013,667,Gwinnett County,1013,Ferguson Elementary School,33.20000076,266,801
2023,6671014,667,Gwinnett County,1014,Roberts Elementary School,5.599999905,54,966
2023,6671015,667,Gwinnett County,1015,Jenkins Elementary School,41.59999847,312,750
2023,6671016,667,Gwinnett County,1016,Anderson-Livsey Elementary School,47.20000076,286,606
2023,6671017,667,Gwinnett County,1017,Burnette Elementary School,12.89999962,92,714
2023,6671018,667,Gwinnett County,1018,Lanier High School,9.600000381,178,1856
2023,6671019,667,Gwinnett County,1019,"Gwinnett School of Mathematics, Science and Technology",3.799999952,47,1231
2023,6671020,667,Gwinnett County,1020,New Life Academy of Excellence,21.60000038,122,566
2023,6671050,667,Gwinnett County,1050,Berkmar High School,21.39999962,647,3029
2023,6671052,667,Gwinnett County,1052,Dyer Elementary School,20.89999962,173,829
2023,6671056,667,Gwinnett County,1056,Lilburn Middle School,29.60000038,528,1783
2023,6671058,667,Gwinnett County,1058,Rockbridge Elementary School,36.70000076,379,1033
2023,6671105,667,Gwinnett County,1105,Alford Elementary,28.39999962,251,883
2023,6671110,667,Gwinnett County,1110,Starling Elementary School,17.29999924,188,1089
2023,6671112,667,Gwinnett County,1112,Moore Middle School,32.70000076,297,908
2023,6671114,667,Gwinnett County,1114,Gwinnett Intervention Education Center (GIVE) West,35.5,78,220
2023,6671115,667,Gwinnett County,1115,Northbrook Middle School,18.79999924,173,921
2023,6671205,667,Gwinnett County,1205,Duncan Creek Elementary,12.80000019,177,1379
2023,6671210,667,Gwinnett County,1210,Couch Middle School,16.20000076,176,1087
2023,6671214,667,Gwinnett County,1214,Gwinnett Online Campus,21.79999924,490,2252
2023,6671215,667,Gwinnett County,1215,North Metro Academy of Performing Arts,37.09999847,89,240
2023,6671305,667,Gwinnett County,1305,Winn Holt Elementary School,29.20000076,307,1050
2023,6671310,667,Gwinnett County,1310,White Oak Elementary School,9.5,64,672
2023,6671405,667,Gwinnett County,1405,Level Creek Elementary School,2.599999905,28,1079
2023,6671410,667,Gwinnett County,1410,Mountain View High School,10.5,241,2303
2023,6671505,667,Gwinnett County,1505,Radloff Middle School,35.29999924,459,1299
2023,6671510,667,Gwinnett County,1510,North Gwinnett Middle School,3.900000095,85,2168
2023,6671605,667,Gwinnett County,1605,Chesney Elementary School,29.29999924,318,1085
2023,6671610,667,Gwinnett County,1610,Twin Rivers Middle School,14.5,235,1616
2023,6671710,667,Gwinnett County,1710,Archer High School,13,406,3134
2023,6671810,667,Gwinnett County,1810,Woodward Mill Elementary School,17.79999924,176,987
2023,6671811,667,Gwinnett County,1811,Baggett Elementary School,24.29999924,240,988
2023,6671812,667,Gwinnett County,1812,Graves Elementary School,31.39999962,331,1055
2023,6671813,667,Gwinnett County,1813,Jordan Middle School,32.29999924,257,795
2023,6671814,667,Gwinnett County,1814,Discovery High School,19.70000076,552,2803
2023,6671815,667,Gwinnett County,1815,Coleman Middle School,15.30000019,124,810
2023,6671816,667,Gwinnett County,1816,Baldwin Elementary,30.89999962,283,916
2023,6671817,667,Gwinnett County,1817,International Transition Center,2.700000048,17,638
2023,6671818,667,Gwinnett County,1818,Paul Duke STEM High School,18.20000076,223,1222
2023,6671819,667,Gwinnett County,1819,McClure Health Science High School,24.10000038,276,1146
2023,6671820,667,Gwinnett County,1820,Seckinger High School,12.30000019,201,1640
2023,6672050,667,Gwinnett County,2050,Bethesda Elementary School,29.79999924,342,1146
2023,6672052,667,Gwinnett County,2052,Grayson Elementary School,18.10000038,182,1007
2023,6672054,667,Gwinnett County,2054,Harmony Elementary School,14.60000038,89,608
2023,6672056,667,Gwinnett County,2056,Mountain Park Elementary School,23.20000076,145,625
2023,6672058,667,Gwinnett County,2058,Snellville Middle School,32.90000153,290,882
2023,6672558,667,Gwinnett County,2558,South Gwinnett High School,25,669,2677
2023,6673050,667,Gwinnett County,3050,Britt Elementary School,38.59999847,231,599
2023,6673054,667,Gwinnett County,3054,Harris Elementary School,21.60000038,139,643
2023,6673550,667,Gwinnett County,3550,Camp Creek Elementary School,12,156,1305
2023,6673750,667,Gwinnett County,3750,Central Gwinnett High School,23.20000076,551,2380
2023,6674052,667,Gwinnett County,4052,Dacula High School,16,400,2498
2023,6674056,667,Gwinnett County,4056,Norcross Elementary School,38.70000076,309,798
2023,6674058,667,Gwinnett County,4058,Summerour Middle School,30.70000076,450,1465
2023,6674556,667,Gwinnett County,4556,North Gwinnett High School,2.900000095,89,3097
2023,6675054,667,Gwinnett County,5054,Lawrenceville Elementary School,48.59999847,315,648
2023,6675056,667,Gwinnett County,5056,Peachtree Elementary School,32.29999924,224,693
2023,6675058,667,Gwinnett County,5058,Suwanee Elementary School,9,59,656
2023,6675550,667,Gwinnett County,5550,Duluth High School,16,424,2644
2023,6675554,667,Gwinnett County,5554,Lilburn Elementary School,31.29999924,406,1299
2023,668101,668,Habersham County,101,Cornelia Elementary School,32.20000076,146,453
2023,668105,668,Habersham County,105,Level Grove Elementary School,27.89999962,158,566
2023,668106,668,Habersham County,106,Habersham Ninth Grade Academy,23.60000038,134,567
2023,668112,668,Habersham County,112,Hilliard A. Wilbanks Middle School,28.39999962,167,587
2023,668114,668,Habersham County,114,Habersham Success Academy,42.20000076,27,64
2023,668189,668,Habersham County,189,Clarkesville Elementary School,28.60000038,113,395
2023,668196,668,Habersham County,196,North Habersham Middle School,23.89999962,133,557
2023,668201,668,Habersham County,201,Demorest Elementary School,30.89999962,160,517
2023,668296,668,Habersham County,296,South Habersham Middle School,26.5,122,460
2023,6681050,668,Habersham County,1050,Baldwin Elementary School,32.29999924,123,381
2023,6682052,668,Habersham County,2052,Habersham Central High School,18.29999924,280,1526
2023,6683054,668,Habersham County,3054,Woodville Elementary School,25.89999962,57,220
2023,6685050,668,Habersham County,5050,Fairview Elementary School,27.29999924,121,443
2023,6685052,668,Habersham County,5052,Hazel Grove Elementary School,23.10000038,62,268
2023,669100,669,Hall County,100,C. W. Davis Middle School,18.39999962,146,794
2023,669101,669,Hall County,101,Martin Elementary School,22.5,130,578
2023,669102,669,Hall County,102,Chestatee High School,16.89999962,211,1245
2023,669103,669,Hall County,103,Sugar Hill Elementary,25.29999924,149,589
2023,669105,669,Hall County,105,Lanier College and Career Academy,18.60000038,30,161
2023,669106,669,Hall County,106,Chicopee Elementary School,37.70000076,277,734
2023,669112,669,Hall County,112,World Language Academy,12.5,76,608
2023,669176,669,Hall County,176,Myers Elementary School,30.5,182,597
2023,669189,669,Hall County,189,West Hall High School,17.79999924,221,1241
2023,669192,669,Hall County,192,Spout Springs Elementary School,6.599999905,55,834
2023,669194,669,Hall County,194,Mount Vernon Elementary School,13.19999981,81,612
2023,669196,669,Hall County,196,Friendship Elementary School,25.5,172,674
2023,669200,669,Hall County,200,Chestatee Middle School,25.29999924,226,895
2023,669202,669,Hall County,202,Flowery Branch High,10.5,143,1363
2023,669276,669,Hall County,276,Wauka Mountain Elementary School,15.60000038,85,546
2023,669289,669,Hall County,289,East Hall Middle School,32.09999847,293,912
2023,669294,669,Hall County,294,West Hall Middle School,26.70000076,230,863
2023,669389,669,Hall County,389,North Hall Middle School,12.5,103,823
2023,669390,669,Hall County,390,Cherokee Bluff Middle,11.39999962,93,814
2023,669391,669,Hall County,391,Cherokee Bluff High School,8.899999619,103,1151
2023,669392,669,Hall County,392,The Foundry,37,20,54
2023,669393,669,Hall County,393,World Language Academy Middle School,9.899999619,23,233
2023,6691058,669,Hall County,1058,White Sulphur Elementary School,43.40000153,197,454
2023,6691552,669,Hall County,1552,East Hall High School,22.60000038,300,1330
2023,6691556,669,Hall County,1556,North Hall High School,10.60000038,121,1139
2023,6692052,669,Hall County,2052,Flowery Branch Elementary School,20.79999924,140,674
2023,6692056,669,Hall County,2056,Oakwood Elementary School,23.29999924,113,485
2023,6693054,669,Hall County,3054,Lanier Elementary School,26.60000038,140,526
2023,6693056,669,Hall County,3056,Riverbend Elementary School,23.79999924,87,366
2023,6694050,669,Hall County,4050,Chestnut Mountain Elementary School,14.60000038,117,802
2023,6694054,669,Hall County,4054,Lula Elementary School,23.79999924,94,395
2023,6694056,669,Hall County,4056,Sardis Elementary School,17.89999962,97,543
2023,6694556,669,Hall County,4556,South Hall Middle School,22.89999962,219,955
2023,6694752,669,Hall County,4752,Johnson High School,21.10000038,272,1290
2023,6695052,669,Hall County,5052,Lyman Hall Elementary School,37,246,665
2023,6695054,669,Hall County,5054,McEver Elementary School,27.29999924,140,512
2023,6695056,669,Hall County,5056,Tadmore Elementary School,33,156,473
2023,670106,670,Hancock County,106,Hancock Central Middle School,63.90000153,99,155
2023,670188,670,Hancock County,188,Lewis Elementary School,69.40000153,186,268
2023,670288,670,Hancock County,288,Hancock Central High School,49.40000153,115,233
2023,671104,671,Haralson County,104,Tallapoosa Primary School,45.90000153,173,377
2023,671178,671,Haralson County,178,Buchanan Elementary School,38.90000153,145,373
2023,671197,671,Haralson County,197,Haralson County Middle School,39.90000153,308,772
2023,671198,671,Haralson County,198,Haralson County Rebel Academy,57.09999847,16,28
2023,6712050,671,Haralson County,2050,Buchanan Primary School,44.90000153,162,361
2023,6713050,671,Haralson County,3050,Haralson County High School,30.89999962,294,950
2023,6714050,671,Haralson County,4050,West Haralson Elementary School,47,180,383
2023,672110,672,Harris County,110,Creekside School,15.89999962,136,858
2023,672188,672,Harris County,188,Park Elementary School,24.89999962,118,474
2023,672190,672,Harris County,190,Pine Ridge Elementary School,15.39999962,85,551
2023,672199,672,Harris County,199,Mulberry Creek Elementary School,13.19999981,63,478
2023,672290,672,Harris County,290,New Mountain Hill Elementary School,17.39999962,76,436
2023,672299,672,Harris County,299,Harris County High School,13.5,230,1703
2023,672399,672,Harris County,399,Harris County Carver Middle School,16,135,842
2023,673102,673,Hart County,102,North Hart Elementary School,25,151,604
2023,673191,673,Hart County,191,Hart County Middle School,31.60000038,258,817
2023,673202,673,Hart County,202,South Hart Elementary School,37.70000076,189,501
2023,6733050,673,Hart County,3050,Hart County High School,23.60000038,254,1077
2023,6735050,673,Hart County,5050,Hartwell Elementary School,48.20000076,246,510
2023,674102,674,Heard County,102,Heard County Middle School,32.90000153,155,471
2023,674106,674,Heard County,106,Heard Elementary School,39.79999924,247,620
2023,674110,674,Heard County,110,Heard County High School,25.79999924,162,627
2023,6741050,674,Heard County,1050,Centralhatchee Elementary School,39.20000076,74,189
2023,6741051,674,Heard County,1051,Arrow Academy Alternative School,55.59999847,10,18
2023,6742050,674,Heard County,2050,Ephesus Elementary School,37.90000153,53,140
2023,675100,675,Henry County,100,Ola Elementary School,19.39999962,177,913
2023,675101,675,Henry County,101,Union Grove High,11,182,1648
2023,675104,675,Henry County,104,Luella High School,25.60000038,351,1373
2023,675105,675,Henry County,105,Dutchtown High,23.29999924,434,1861
2023,675106,675,Henry County,106,Luella Elementary School,35.70000076,227,636
2023,675107,675,Henry County,107,Dutchtown Elementary School,27.5,250,910
2023,675108,675,Henry County,108,Woodland Elementary School,32.20000076,192,597
2023,675191,675,Henry County,191,Cotton Indian Elementary School,38.79999924,222,572
2023,675194,675,Henry County,194,Wesley Lakes Elementary School,46.09999847,376,816
2023,675196,675,Henry County,196,Pate's Creek Elementary School,46.20000076,236,511
2023,675197,675,Henry County,197,Pleasant Grove Elementary School,40.79999924,195,478
2023,675200,675,Henry County,200,Mount Carmel Elementary School,41.09999847,238,579
2023,675203,675,Henry County,203,East Lake Elementary,19.79999924,140,706
2023,675206,675,Henry County,206,Dutchtown Middle School,29.10000038,318,1092
2023,675207,675,Henry County,207,Timber Ridge Elementary School,16.79999924,125,742
2023,675208,675,Henry County,208,Walnut Creek Elementary,46.09999847,317,688
2023,675209,675,Henry County,209,Bethlehem Elementary School,33.20000076,156,470
2023,675211,675,Henry County,211,Rocky Creek Elementary,28,185,661
2023,675213,675,Henry County,213,Locust Grove Middle,31.20000076,344,1103
2023,675214,675,Henry County,214,Locust Grove High,21.89999962,358,1637
2023,675215,675,Henry County,215,Hampton Middle School,39.40000153,335,850
2023,675291,675,Henry County,291,Oakland Elementary School,50.59999847,454,898
2023,675294,675,Henry County,294,Austin Road Elementary School,35.79999924,130,363
2023,675295,675,Henry County,295,Stockbridge High School,31.29999924,483,1543
2023,675297,675,Henry County,297,Hickory Flat Elementary School,34.70000076,192,553
2023,675303,675,Henry County,303,Unity Grove Elementary School,32.5,272,836
2023,675307,675,Henry County,307,Ola High School,13.19999981,232,1764
2023,675308,675,Henry County,308,Woodland Middle School,27,190,705
2023,675315,675,Henry County,315,Hampton High School,25.5,322,1265
2023,675391,675,Henry County,391,Eagle's Landing High School,30.10000038,494,1642
2023,675394,675,Henry County,394,Eagle's Landing Middle School,36.59999847,400,1092
2023,675397,675,Henry County,397,Austin Road Middle School,41.5,225,542
2023,675403,675,Henry County,403,Red Oak Elementary School,35.5,220,619
2023,675407,675,Henry County,407,New Hope Elementary,22.10000038,139,628
2023,675408,675,Henry County,408,Woodland High School,22.39999962,299,1334
2023,675409,675,Henry County,409,Tussahaw Elementary,49.59999847,383,772
2023,675503,675,Henry County,503,Flippen Elementary School,35.29999924,200,567
2023,675507,675,Henry County,507,Ola Middle School,17.70000076,206,1164
2023,675509,675,Henry County,509,Rock Spring Elementary,22.29999924,153,686
2023,675603,675,Henry County,603,Luella Middle School,33.59999847,292,870
2023,675703,675,Henry County,703,Union Grove Middle,17.10000038,183,1069
2023,675804,675,Henry County,804,EXCEL Academy,52.59999847,81,154
2023,6751050,675,Henry County,1050,Fairview Elementary School,44.59999847,240,538
2023,6752050,675,Henry County,2050,Hampton Elementary School,46.40000153,187,403
2023,6752552,675,Henry County,2552,Smith-Barnes Elementary School,46.79999924,118,252
2023,6753050,675,Henry County,3050,McDonough High School,36.40000153,469,1288
2023,6753052,675,Henry County,3052,Stockbridge Elementary School,55.59999847,289,520
2023,6754050,675,Henry County,4050,McDonough Middle School,43.59999847,416,954
2023,6755050,675,Henry County,5050,Locust Grove Elementary School,41,227,554
2023,6755052,675,Henry County,5052,Stockbridge Middle School,41.09999847,251,611
2023,676100,676,Houston County,100,Eagle Springs Elementary,31.39999962,208,662
2023,676102,676,Houston County,102,C. B. Watson Primary School,59.79999924,272,455
2023,676103,676,Houston County,103,Lake Joy Primary School,20.10000038,112,556
2023,676104,676,Houston County,104,David A. Perdue Primary ,21.79999924,125,573
2023,676105,676,Houston County,105,Huntington Middle School,47.5,393,827
2023,676108,676,Houston County,108,Mossy Creek Middle School,12,89,742
2023,676111,676,Houston County,111,Veterans High School,8.899999619,170,1915
2023,676117,676,Houston County,117,Langston Road Elementary School,19.10000038,157,823
2023,676175,676,Houston County,175,Pearl Stephens Elementary School,55.79999924,258,462
2023,676191,676,Houston County,191,Northside Elementary School,56.90000153,291,511
2023,676192,676,Houston County,192,Houston County High School,10.60000038,218,2065
2023,676194,676,Houston County,194,David A. Perdue Elementary School,17.5,109,624
2023,676195,676,Houston County,195,Quail Run Elementary School,22.60000038,132,584
2023,676196,676,Houston County,196,Feagin Mill Middle School,16.60000038,149,899
2023,676199,676,Houston County,199,Matthew Arthur Elementary School,11,91,829
2023,676200,676,Houston County,200,Perry Middle School,23.10000038,247,1070
2023,676204,676,Houston County,204,Thomson Middle School,28.79999924,212,736
2023,676208,676,Houston County,208,Lake Joy Elementary School,14.69999981,103,703
2023,676296,676,Houston County,296,Bonaire Middle School,11.5,131,1140
2023,676309,676,Houston County,309,Hilltop Elementary School,19.39999962,108,556
2023,676401,676,Houston County,401,Bonaire Primary School,10.60000038,54,509
2023,6761050,676,Houston County,1050,Bonaire Elementary School,12.5,66,529
2023,6761052,676,Houston County,1052,Northside Middle School,54.59999847,461,844
2023,6761054,676,Houston County,1054,Perry High School,18.29999924,270,1478
2023,6762050,676,Houston County,2050,Centerville Elementary School,38.40000153,225,586
2023,6762052,676,Houston County,2052,Northside High School,34,667,1959
2023,6762054,676,Houston County,2054,Morningside Elementary School,48.59999847,223,459
2023,6762058,676,Houston County,2058,Westside Elementary School,58.29999924,299,513
2023,6763052,676,Houston County,3052,Parkwood Elementary School,61.59999847,386,627
2023,6763056,676,Houston County,3056,Tucker Elementary School,32.90000153,136,413
2023,6763550,676,Houston County,3550,Kings Chapel Elementary School,11.60000038,68,588
2023,6764050,676,Houston County,4050,Lindsey Elementary School,62.5,10,16
2023,6764054,676,Houston County,4054,Russell Elementary School,42.59999847,256,601
2023,6764056,676,Houston County,4056,Warner Robins High School,37.29999924,677,1816
2023,6765050,676,Houston County,5050,Miller Elementary School,48.20000076,238,494
2023,6765054,676,Houston County,5054,Shirley Hills Elementary School,38.09999847,184,483
2023,6765056,676,Houston County,5056,Warner Robins Middle School,38.40000153,312,813
2023,677173,677,Irwin County,173,Irwin County Middle School,44.20000076,172,389
2023,677188,677,Irwin County,188,Irwin County Elementary School,47.40000153,315,665
2023,6772050,677,Irwin County,2050,Irwin County High School,33.29999924,160,481
2023,678101,678,Jackson County,101,West Jackson Elementary School,15.89999962,178,1118
2023,678104,678,Jackson County,104,East Jackson Elementary School,28.10000038,152,541
2023,678107,678,Jackson County,107,East Jackson Comprehensive High School,24.5,329,1344
2023,678191,678,Jackson County,191,Jackson County High School,12.80000019,235,1835
2023,678197,678,Jackson County,197,East Jackson Middle School,32,174,544
2023,678209,678,Jackson County,209,Gum Springs Elementary School,9.199999809,96,1047
2023,678297,678,Jackson County,297,West Jackson Middle School,14.30000019,215,1503
2023,6782550,678,Jackson County,2550,Maysville Elementary School,37.5,146,389
2023,6783050,678,Jackson County,3050,North Jackson Elementary School,20.39999962,125,612
2023,6784050,678,Jackson County,4050,South Jackson Elementary School,37.5,230,613
2023,679100,679,Jasper County,100,Washington Park Elementary School,33.20000076,187,564
2023,679108,679,Jasper County,108,Jasper County High School,26.70000076,194,726
2023,679195,679,Jasper County,195,Jasper County Primary School,33,175,531
2023,679201,679,Jasper County,201,Jasper County Middle School,31.10000038,196,631
2023,680105,680,Jeff Davis County,105,Jeff Davis Primary School,47.40000153,344,726
2023,680111,680,Jeff Davis County,111,Jeff Davis Middle School,42.09999847,284,675
2023,680175,680,Jeff Davis County,175,Jeff Davis Elementary School,43.70000076,286,654
2023,680199,680,Jeff Davis County,199,Jeff Davis High School,30.70000076,256,833
2023,681196,681,Jefferson County,196,Jefferson County High School,47.09999847,297,631
2023,681397,681,Jefferson County,397,Jefferson County Middle School,54.40000153,249,458
2023,6811050,681,Jefferson County,1050,Carver Elementary School,69.30000305,115,166
2023,6811550,681,Jefferson County,1550,Louisville Academy,58.59999847,180,307
2023,6813550,681,Jefferson County,3550,Wrens Elementary School,55.5,208,375
2023,682101,682,Jenkins County,101,Jenkins County Middle School,51.59999847,132,256
2023,682201,682,Jenkins County,201,Jenkins County High School,41.70000076,134,321
2023,6821050,682,Jenkins County,1050,Jenkins County Elementary School,55.79999924,280,502
2023,683101,683,Johnson County,101,Johnson County Middle School,49.20000076,118,240
2023,683197,683,Johnson County,197,Johnson County Elementary School,55.70000076,233,418
2023,683201,683,Johnson County,201,Johnson County High School ,40.90000153,124,303
2023,684101,684,Jones County,101,Clifton Ridge Middle School,37.5,206,550
2023,684102,684,Jones County,102,Mattie Wells Elementary School,53.70000076,277,516
2023,684106,684,Jones County,106,Gray Station Middle School,25.29999924,165,653
2023,684114,684,Jones County,114,Turner Woods Elementary School,26.5,147,554
2023,684192,684,Jones County,192,Jones County High School,20.5,333,1626
2023,684199,684,Jones County,199,Dames Ferry Elementary School,22.39999962,117,523
2023,6841550,684,Jones County,1550,Gray Elementary School,36.59999847,174,475
2023,685105,685,Lamar County,105,Lamar County Elementary School,41,227,553
2023,685175,685,Lamar County,175,Lamar County High School,27.79999924,225,808
2023,685199,685,Lamar County,199,Lamar County Middle School,38.79999924,255,658
2023,685205,685,Lamar County,205,Lamar County Primary School,43.90000153,292,665
2023,686101,686,Lanier County,101,Lanier County Middle School,40.40000153,167,413
2023,686111,686,Lanier County,111,Lanier County Elementary School,48.29999924,174,360
2023,686201,686,Lanier County,201,Lanier County High School,35.70000076,161,451
2023,6863050,686,Lanier County,3050,Lanier County Primary School,49.90000153,204,409
2023,687101,687,Laurens County,101,Southwest Laurens Elementary,41.09999847,368,896
2023,687104,687,Laurens County,104,East Laurens Primary School,56.40000153,290,514
2023,687105,687,Laurens County,105,East Laurens Elementary School,54.59999847,268,491
2023,687110,687,Laurens County,110,West Laurens High School,24.89999962,317,1271
2023,687197,687,Laurens County,197,East Laurens High School,38.29999924,248,648
2023,687201,687,Laurens County,201,Northwest Laurens Elementary,27.89999962,232,833
2023,687297,687,Laurens County,297,East Laurens Middle School,51.29999924,283,552
2023,6872054,687,Laurens County,2054,West Laurens Middle School,34.40000153,319,927
2023,688101,688,Lee County,101,Lee County Middle School West,27.20000076,217,799
2023,688103,688,Lee County,103,Lee County Elementary School,30.79999924,187,607
2023,688114,688,Lee County,114,Lee County Middle School East,27.39999962,185,676
2023,688187,688,Lee County,187,Lee County Primary School,27.89999962,180,645
2023,688193,688,Lee County,193,Lee County High School,17.29999924,247,1431
2023,688197,688,Lee County,197,Kinchafoonee Primary School,31.10000038,186,599
2023,688209,688,Lee County,209,Lee High School 9th Grade Campus,24.39999962,133,545
2023,688393,688,Lee County,393,Twin Oaks Elementary,29.70000076,221,745
2023,689100,689,Liberty County,100,Waldo Pafford Elementary School,36.90000153,307,831
2023,689101,689,Liberty County,101,Midway Middle School,30,212,707
2023,689102,689,Liberty County,102,Liberty Elementary School ,35.40000153,261,737
2023,689105,689,Liberty County,105,Bradwell Institute,31.39999962,551,1755
2023,689180,689,Liberty County,180,Button Gwinnett Elementary School,47.90000153,290,605
2023,689183,689,Liberty County,183,Lyman Hall Elementary School,51.70000076,312,604
2023,689189,689,Liberty County,189,Joseph Martin Elementary School,34.70000076,268,772
2023,689192,689,Liberty County,192,Liberty County High School,23.79999924,256,1077
2023,689194,689,Liberty County,194,Taylors Creek Elementary School,39.79999924,249,625
2023,689195,689,Liberty County,195,Snelson-Golden Middle School,41,359,876
2023,689196,689,Liberty County,196,Frank Long Elementary School,45.5,331,728
2023,689197,689,Liberty County,197,Lewis Frasier Middle School,35.29999924,275,779
2023,690101,690,Lincoln County,101,Lincoln County Middle School,36,93,258
2023,690110,690,Lincoln County,110,Lincoln County High School,30.20000076,111,367
2023,690176,690,Lincoln County,176,Lincoln County Elementary School,37.40000153,199,532
2023,691100,691,Long County,100,Smiley Elementary School,28.39999962,296,1043
2023,691205,691,Long County,205,Long County High School,26.60000038,322,1209
2023,691288,691,Long County,288,Long County Middle School,27.5,260,945
2023,691289,691,Long County,289,McClelland Elementary School,28.89999962,269,931
2023,692100,692,Lowndes County,100,Dewar Elementary ,26,212,816
2023,692111,692,Lowndes County,111,Westside Elementary School,20.89999962,181,866
2023,692112,692,Lowndes County,112,Pine Grove Middle School,25.29999924,188,742
2023,692194,692,Lowndes County,194,Moulton-Branch Elementary School,37.79999924,198,524
2023,692195,692,Lowndes County,195,Hahira Elementary School,22.39999962,169,754
2023,692211,692,Lowndes County,211,Pine Grove Elementary School,23.20000076,139,600
2023,6921050,692,Lowndes County,1050,Clyattville Elementary School,48.40000153,278,574
2023,6921052,692,Lowndes County,1052,Lowndes Middle School,41.90000153,353,842
2023,6923050,692,Lowndes County,3050,Hahira Middle School,17.70000076,152,859
2023,6924050,692,Lowndes County,4050,Lake Park Elementary School,38.29999924,227,593
2023,6925050,692,Lowndes County,5050,Lowndes High School,21.5,688,3202
2023,693101,693,Lumpkin County,101,Lumpkin County High School,16.70000076,190,1135
2023,693103,693,Lumpkin County,103,Blackburn Elementary School,25.20000076,196,778
2023,693191,693,Lumpkin County,191,Long Branch Elementary School,30.10000038,118,392
2023,6931050,693,Lumpkin County,1050,Lumpkin County Middle School,21.79999924,189,865
2023,6932050,693,Lumpkin County,2050,Lumpkin County Elementary School,25.10000038,138,550
2023,694198,694,Macon County,198,Macon County Elementary School,70.5,310,440
2023,694199,694,Macon County,199,Macon County Middle School,67.30000305,177,263
2023,6942060,694,Macon County,2060,Macon County High School,45.29999924,154,340
2023,695101,695,Madison County,101,Hull-Sanford Elementary School,35.70000076,185,518
2023,695195,695,Madison County,195,Danielsville Elementary School,40.40000153,204,505
2023,6951050,695,Madison County,1050,Colbert Elementary School,37.59999847,168,447
2023,6951052,695,Madison County,1052,Madison County Middle School,30.70000076,361,1174
2023,6952050,695,Madison County,2050,Comer Elementary School,36.29999924,140,386
2023,6954050,695,Madison County,4050,Ila Elementary School,26.5,116,437
2023,6955050,695,Madison County,5050,Madison County High School,24.10000038,347,1437
2023,696197,696,Marion County,197,L. K. Moss Elementary School,49.59999847,265,534
2023,696275,696,Marion County,275,Marion County Middle/High School,37.79999924,257,679
2023,697112,697,McDuffie County,112,Thomson-McDuffie Middle School,51.79999924,405,782
2023,697113,697,McDuffie County,113,Norris Elementary School,61.20000076,186,304
2023,697179,697,McDuffie County,179,Maxwell Elementary School,67.69999695,252,372
2023,697191,697,McDuffie County,191,Dearing Elementary School,42.59999847,169,397
2023,697192,697,McDuffie County,192,Thomson High School,37,365,986
2023,6974050,697,McDuffie County,4050,Thomson Elementary School,58.59999847,171,292
2023,698101,698,McIntosh County,101,McIntosh County Middle School,40.79999924,111,272
2023,698104,698,McIntosh County,104,McIntosh Academy,30.89999962,122,395
2023,698205,698,McIntosh County,205,Todd Grant Elementary School,47.70000076,285,597
2023,699100,699,Meriwether County,100,Unity Elementary School (PK-5),52.20000076,193,370
2023,699200,699,Meriwether County,200,Mountain View Elementary School,60.90000153,407,668
2023,699207,699,Meriwether County,207,Good Sheperd Therapeutic Center,100,2,2
2023,699300,699,Meriwether County,300,Greenville High School,34.90000153,88,252
2023,699401,699,Meriwether County,401,Greenville Middle School,50.59999847,86,170
2023,6994050,699,Meriwether County,4050,Manchester High School,40.40000153,163,403
2023,6995050,699,Meriwether County,5050,Manchester Middle School,54.59999847,171,313
2023,700110,700,Miller County,110,Miller County Elementary School,55.20000076,159,288
2023,700210,700,Miller County,210,Miller County High School,37.09999847,92,248
2023,700310,700,Miller County,310,Miller County Middle School,41.70000076,65,156
2023,701111,701,Mitchell County,111,Mitchell County Elementary School,68.30000305,183,268
2023,701197,701,Mitchell County,197,Mitchell County Middle School,66.09999847,185,280
2023,701198,701,Mitchell County,198,Mitchell County Primary School,71.80000305,216,301
2023,701282,701,Mitchell County,282,Mitchell County High School,56.40000153,220,390
2023,702105,702,Monroe County,105,T.G. Scott Elementary School,26,189,727
2023,702111,702,Monroe County,111,Katherine B. Sutton Elementary School,39.59999847,249,629
2023,702113,702,Monroe County,113,"Monroe County Middle School, Banks Stephens Campus",31.70000076,315,994
2023,702184,702,Monroe County,184,Mary Persons High School,26.60000038,342,1287
2023,702205,702,Monroe County,205,Samuel E. Hubbard Elementary School,39.59999847,261,659
2023,703101,703,Montgomery County,101,Montgomery County Middle School,47.70000076,106,222
2023,703107,703,Montgomery County,107,Montgomery County Elementary School,53.5,213,398
2023,703201,703,Montgomery County,201,Montgomery County High School,38.79999924,107,276
2023,704191,704,Morgan County,191,Morgan County Elementary School,25.70000076,196,764
2023,7041050,704,Morgan County,1050,Morgan County High School,19,204,1072
2023,7043050,704,Morgan County,3050,Morgan County Primary School,29.89999962,231,773
2023,7045050,704,Morgan County,5050,Morgan County Middle School,24.70000076,199,807
2023,705104,705,Murray County,104,Woodlawn Elementary School,30.39999962,151,496
2023,705108,705,Murray County,108,Pleasant Valley Innovative School,27.10000038,23,85
2023,705112,705,Murray County,112,North Murray High School,24.29999924,251,1035
2023,705190,705,Murray County,190,Murray County High School,26.60000038,294,1105
2023,705195,705,Murray County,195,Coker Elementary School,40.20000076,240,597
2023,705198,705,Murray County,198,Eton Elementary School,31.70000076,158,498
2023,705204,705,Murray County,204,Bagley Middle School,34,179,527
2023,7051050,705,Murray County,1050,Chatsworth Elementary School,34.59999847,212,612
2023,7051052,705,Murray County,1052,Spring Place Elementary School,41.79999924,232,555
2023,7054050,705,Murray County,4050,Gladden Middle School,33.5,184,549
2023,7055050,705,Murray County,5050,Northwest Elementary School,36.20000076,198,547
2023,706100,706,Muscogee County,100,Midland Middle School,42.20000076,186,441
2023,706102,706,Muscogee County,102,Fox Elementary School,85,238,280
2023,706104,706,Muscogee County,104,North Columbus Elementary,25.89999962,182,702
2023,706108,706,Muscogee County,108,Eagle Ridge Academy,20.20000076,114,563
2023,706115,706,Muscogee County,115,Aaron Cohn Middle School,18.10000038,95,525
2023,706178,706,Muscogee County,178,Fort Middle School,56.20000076,287,511
2023,706191,706,Muscogee County,191,Hannan Elementary ,54.90000153,211,384
2023,706192,706,Muscogee County,192,Brewer Elementary School,76,345,454
2023,706196,706,Muscogee County,196,Blackmon Road Middle School,27.89999962,158,566
2023,706200,706,Muscogee County,200,"Martin Luther King, Jr. Elementary School",77.59999847,354,456
2023,706203,706,Muscogee County,203,Northside High School,14,196,1402
2023,706204,706,Muscogee County,204,Veterans Memorial Middle School,23,149,648
2023,706215,706,Muscogee County,215,Dorothy Height Elementary School,80.30000305,354,441
2023,706278,706,Muscogee County,278,Shaw High School,28.10000038,347,1236
2023,706296,706,Muscogee County,296,Downtown Elementary Magnet Academy,62.79999924,172,274
2023,706300,706,Muscogee County,300,Baker Middle School,75.69999695,445,588
2023,706301,706,Muscogee County,301,East Columbus Magnet Academy,55.59999847,263,473
2023,706378,706,Muscogee County,378,Spencer High School,52.59999847,496,943
2023,706401,706,Muscogee County,401,Double Churches Middle School,57.59999847,238,413
2023,706501,706,Muscogee County,501,Midland Academy,30.20000076,174,577
2023,706502,706,Muscogee County,502,Rainey McCullers School of the Arts,16.10000038,62,384
2023,7061058,706,Muscogee County,1058,Dimon Elementary ,48.79999924,160,328
2023,7061062,706,Muscogee County,1062,Georgetown Elementary School,68.69999695,283,412
2023,7061064,706,Muscogee County,1064,Kendrick High School,50.70000076,444,876
2023,7061066,706,Muscogee County,1066,Reese Road Leadership Academy,48.79999924,189,387
2023,7062050,706,Muscogee County,2050,Arnold Middle School,51.59999847,333,645
2023,7062052,706,Muscogee County,2052,Blanchard Elementary School,34.20000076,156,456
2023,7062054,706,Muscogee County,2054,Clubview Elementary School,24.79999924,132,533
2023,7062058,706,Muscogee County,2058,Double Churches Elementary School,23.70000076,95,401
2023,7062062,706,Muscogee County,2062,Hardaway High School,42.29999924,501,1184
2023,7062064,706,Muscogee County,2064,Key Elementary School,70.69999695,188,266
2023,7062066,706,Muscogee County,2066,Richards Middle School,38.29999924,314,819
2023,7062067,706,Muscogee County,2067,Rothschild Leadership Academy School,63.70000076,328,515
2023,7063054,706,Muscogee County,3054,Columbus High School,7.900000095,89,1131
2023,7063056,706,Muscogee County,3056,Britt David Elementary Computer Magnet Academy,7.699999809,39,507
2023,7063060,706,Muscogee County,3060,Forrest Road Elementary School,67.19999695,207,308
2023,7063066,706,Muscogee County,3066,Rigdon Road Elementary School,68.69999695,228,332
2023,7063068,706,Muscogee County,3068,St. Marys Video and Communication Technology,70.40000153,317,450
2023,7063069,706,Muscogee County,3069,Waddell Elementary School,62.20000076,294,473
2023,7064056,706,Muscogee County,4056,Davis Elementary School,87.19999695,280,321
2023,7064058,706,Muscogee County,4058,Lonnie Jackson Academy,69.5,242,348
2023,7064062,706,Muscogee County,4062,Johnson Elementary School,56.90000153,185,325
2023,7064064,706,Muscogee County,4064,Mathews Elementary School,12.30000019,85,689
2023,7064065,706,Muscogee County,4065,Allen Elementary School,41.5,187,451
2023,7064066,706,Muscogee County,4066,River Road Elementary School,47.90000153,172,359
2023,7064067,706,Muscogee County,4067,South Columbus Elementary School,70.30000305,201,286
2023,7064070,706,Muscogee County,4070,Wynnton Elementary School,53.59999847,181,338
2023,7065052,706,Muscogee County,5052,Carver High School,56,513,916
2023,7065056,706,Muscogee County,5056,Dawson Elementary School,61.40000153,162,264
2023,7065058,706,Muscogee County,5058,Eddy Middle School,73.09999847,302,413
2023,7065060,706,Muscogee County,5060,Gentian Elementary School,47.79999924,225,471
2023,7065062,706,Muscogee County,5062,Jordan Vocational High School,53.90000153,468,869
2023,7065069,706,Muscogee County,5069,Wesley Heights Elementary School,67.59999847,244,361
2023,707101,707,Newton County,101,Veterans Memorial Middle School,43.29999924,276,637
2023,707102,707,Newton County,102,Oak Hill Elementary School,38.90000153,234,601
2023,707106,707,Newton County,106,Rocky Plains Elementary School,48.29999924,258,534
2023,707111,707,Newton County,111,South Salem Elementary School,51.09999847,398,779
2023,707114,707,Newton County,114,Liberty Middle School,49.90000153,471,944
2023,707115,707,Newton County,115,Live Oak Elementary,53.09999847,434,818
2023,707117,707,Newton County,117,Clements Middle School,47.90000153,361,754
2023,707122,707,Newton County,122,Flint Hill Elementary,50.90000153,400,786
2023,707123,707,Newton County,123,Newton County Theme School at Ficquett,13.5,132,977
2023,707124,707,Newton County,124,Fairview Elementary,52.29999924,264,505
2023,707173,707,Newton County,173,Newton High School,32.40000153,802,2472
2023,707196,707,Newton County,196,Cousins Middle School,40.5,265,654
2023,707198,707,Newton County,198,Middle Ridge Elementary School,55.79999924,293,525
2023,707206,707,Newton County,206,Alcovy High School,32.5,648,1991
2023,707295,707,Newton County,295,Eastside High School,27.89999962,452,1621
2023,707298,707,Newton County,298,West Newton Elementary School,54.79999924,323,589
2023,707398,707,Newton County,398,Indian Creek Middle School,39.90000153,325,814
2023,7071050,707,Newton County,1050,East Newton Elementary School,34.90000153,180,516
2023,7073050,707,Newton County,3050,Livingston Elementary School,53.20000076,199,374
2023,7074050,707,Newton County,4050,Mansfield Elementary School,26.29999924,93,353
2023,7074550,707,Newton County,4550,Heard-Mixon Elementary School,48.79999924,195,400
2023,7075050,707,Newton County,5050,Porterdale Elementary School,57.20000076,202,353
2023,708103,708,Oconee County,103,Rocky Branch Elementary School,3.400000095,20,583
2023,708105,708,Oconee County,105,North Oconee High School,4.699999809,69,1479
2023,708110,708,Oconee County,110,High Shoals Elementary School,6,33,549
2023,708188,708,Oconee County,188,Oconee County Primary School,8.399999619,40,477
2023,708193,708,Oconee County,193,Oconee County Middle School,7.699999809,71,927
2023,708197,708,Oconee County,197,Malcom Bridge Elementary School,3.200000048,13,401
2023,708198,708,Oconee County,198,Malcom Bridge Middle School,6.300000191,68,1074
2023,708293,708,Oconee County,293,Oconee County High School,5.599999905,70,1251
2023,708294,708,Oconee County,294,Dove Creek Elementary School,6.900000095,45,656
2023,7081050,708,Oconee County,1050,Oconee County Elementary School,10.19999981,48,471
2023,7083050,708,Oconee County,3050,Colham Ferry Elementary School,9.199999809,54,590
2023,709112,709,Oglethorpe County,112,Oglethorpe County Middle School,31.29999924,162,518
2023,709198,709,Oglethorpe County,198,Oglethorpe County Elementary School,35.09999847,167,476
2023,709298,709,Oglethorpe County,298,Oglethorpe County Primary School,31.60000038,160,506
2023,7092050,709,Oglethorpe County,2050,Oglethorpe County High School,24.20000076,159,656
2023,710101,710,Paulding County,101,Hiram High School,24.60000038,361,1468
2023,710103,710,Paulding County,103,Bessie L. Baggett Elementary,31.10000038,182,586
2023,710104,710,Paulding County,104,Lillian C. Poole Elementary School,31.29999924,145,464
2023,710106,710,Paulding County,106,South Paulding High School,16.29999924,311,1912
2023,710108,710,Paulding County,108,Sammy McClure Sr. Middle School,7.099999905,109,1536
2023,710109,710,Paulding County,109,North Paulding High School,8.300000191,249,2988
2023,710110,710,Paulding County,110,Burnt Hickory Elementary School,7.699999809,80,1039
2023,710113,710,Paulding County,113,WC Abney Elementary,17.5,218,1247
2023,710188,710,Paulding County,188,McGarity Elementary School,26.10000038,153,586
2023,710192,710,Paulding County,192,South Paulding Middle School,23.5,113,481
2023,710194,710,Paulding County,194,Floyd L. Shelton Elementary School at Crossroad,8.800000191,124,1417
2023,710197,710,Paulding County,197,Sam D. Panter Elementary School,31.5,160,508
2023,710198,710,Paulding County,198,Nebo Elementary School,25.20000076,176,699
2023,710199,710,Paulding County,199,C. A. Roberts Elementary School,23.10000038,152,657
2023,710201,710,Paulding County,201,Lena Mae Moses Middle School,20,181,907
2023,710204,710,Paulding County,204,Roland W. Russom Elementary,11.60000038,107,921
2023,710210,710,Paulding County,210,Sara M. Ragsdale Elementary,27.70000076,161,582
2023,710213,710,Paulding County,213,P. B. Ritch Middle School,28.10000038,212,755
2023,710292,710,Paulding County,292,East Paulding High School,17.60000038,336,1907
2023,710294,710,Paulding County,294,Northside Elementary School,26.29999924,165,627
2023,710297,710,Paulding County,297,J. A. Dobbins Middle School,28.60000038,152,532
2023,710299,710,Paulding County,299,Allgood Elementary School,33.59999847,272,809
2023,710304,710,Paulding County,304,Connie Dugan Elementary School,31.79999924,206,647
2023,710310,710,Paulding County,310,Hal Hutchens Elementary,31.29999924,198,633
2023,710394,710,Paulding County,394,East Paulding Middle School,16.29999924,140,858
2023,710404,710,Paulding County,404,Irma C. Austin Middle School,24,190,792
2023,710410,710,Paulding County,410,Carl Scoggins Sr. Middle School,23.20000076,176,760
2023,7101050,710,Paulding County,1050,Dallas Elementary School,47.29999924,235,497
2023,7102052,710,Paulding County,2052,New Georgia Elementary School,26.20000076,111,423
2023,7102352,710,Paulding County,2352,Herschel Jones Middle School,32.20000076,260,807
2023,7102552,710,Paulding County,2552,Paulding County High School,23,462,2005
2023,7104052,710,Paulding County,4052,Union Elementary School,23.29999924,108,463
2023,7105050,710,Paulding County,5050,Hiram Elementary School,31.10000038,247,794
2023,711110,711,Peach County,110,Kay Road Elementary,36.90000153,174,471
2023,711191,711,Peach County,191,Fort Valley Middle School,55.29999924,266,481
2023,711197,711,Peach County,197,Byron Middle School,26.5,119,449
2023,711210,711,Peach County,210,Hunt Elementary School,68.30000305,422,618
2023,7111050,711,Peach County,1050,Byron Elementary School,34,217,638
2023,7112052,711,Peach County,2052,Peach County High School,31.29999924,346,1107
2023,712103,712,Pickens County,103,Hill City Elementary School,27.29999924,143,524
2023,712106,712,Pickens County,106,Harmony Elementary School,31.39999962,171,544
2023,712189,712,Pickens County,189,Pickens County Junior High School,23.20000076,142,611
2023,712198,712,Pickens County,198,Pickens County High School,18.60000038,234,1259
2023,712203,712,Pickens County,203,Jasper Middle School,26.10000038,164,628
2023,712303,712,Pickens County,303,Tate Elementary School,28.20000076,135,478
2023,713112,713,Pierce County,112,Midway Elementary School,32.59999847,145,445
2023,713182,713,Pierce County,182,Pierce County High School,22,228,1035
2023,713197,713,Pierce County,197,Pierce County Middle School,33.29999924,275,827
2023,713297,713,Pierce County,297,Blackshear Elementary School,49.09999847,369,752
2023,7134050,713,Pierce County,4050,Patterson Elementary School,34.29999924,148,432
2023,714101,714,Pike County,101,Pike County Elementary School,16.89999962,132,783
2023,714188,714,Pike County,188,Pike County Primary School,23.10000038,164,710
2023,714194,714,Pike County,194,Pike County High School,14.30000019,158,1105
2023,714195,714,Pike County,195,Pike County Middle School,18.29999924,153,836
2023,714296,714,Pike County,296,Zebulon High School,39.29999924,22,56
2023,715102,715,Polk County,102,Rockmart High School,37.20000076,353,950
2023,715103,715,Polk County,103,Cedartown Middle School,46.09999847,477,1035
2023,715104,715,Polk County,104,Rockmart Middle School,48.20000076,340,706
2023,715174,715,Polk County,174,Westside Elementary School,48,261,544
2023,715183,715,Polk County,183,Cherokee Elementary School,48,269,561
2023,715188,715,Polk County,188,Northside Elementary,52.40000153,252,481
2023,715207,715,Polk County,207,Harpst Academy,95.69999695,44,46
2023,715210,715,Polk County,210,Van Wert Elementary School,58.5,363,621
2023,715274,715,Polk County,274,Eastside Elementary School,47.5,327,689
2023,715310,715,Polk County,310,Youngs Grove Elementary School,53.79999924,245,455
2023,7155050,715,Polk County,5050,Cedartown High School,38,552,1453
2023,716195,716,Pulaski County,195,Pulaski County Middle School,49.79999924,154,309
2023,7162050,716,Pulaski County,2050,Hawkinsville High School,35.59999847,138,388
2023,7163050,716,Pulaski County,3050,Pulaski County Elementary School,52.20000076,286,548
2023,717111,717,Putnam County,111,Putnam County Middle School,38.5,262,681
2023,717112,717,Putnam County,112,Putnam County Primary School,47.40000153,278,586
2023,717113,717,Putnam County,113,Putnam County Elementary School,43.59999847,271,622
2023,717114,717,Putnam County,114,Putnam County High School,30.29999924,278,919
2023,718110,718,Quitman County,110,Quitman County High School,44.90000153,48,107
2023,718199,718,Quitman County,199,Quitman County Elementary,62.59999847,117,187
2023,719100,719,Rabun County,100,Rabun County Middle School,24.60000038,84,342
2023,719105,719,Rabun County,105,Rabun County Elementary School,24.79999924,164,661
2023,719114,719,Rabun County,114,Rabun County Primary School,31.10000038,155,499
2023,719177,719,Rabun County,177,Rabun County High School ,16.20000076,106,655
2023,720101,720,Randolph County,101,Randolph County Middle School,73.19999695,101,138
2023,720201,720,Randolph County,201,Randolph Clay High School,58.5,137,234
2023,7202050,720,Randolph County,2050,Randolph County Elementary School,77.80000305,207,266
2023,721100,721,Richmond County,100,Cross Creek High School,37,419,1133
2023,721102,721,Richmond County,102,Hephzibah Elementary School,55.5,183,330
2023,721103,721,Richmond County,103,Freedom Park Elementary,6.699999809,40,597
2023,721104,721,Richmond County,104,Wilkinson Gardens Elementary School,83.09999847,354,426
2023,721105,721,Richmond County,105,Deer Chase Elementary School,50.70000076,254,501
2023,721107,721,Richmond County,107,Lighthouse Care Center of Augusta,36,9,25
2023,721114,721,Richmond County,114,Pine Hill Middle School,51.09999847,298,583
2023,721115,721,Richmond County,115,W.S. Hornsby Middle School,83.69999695,334,399
2023,721116,721,Richmond County,116,Lamar - Milledge Elementary School,77.80000305,217,279
2023,721177,721,Richmond County,177,Meadowbrook Elementary School,72.90000153,322,442
2023,721189,721,Richmond County,189,Jamestown Elementary School,69.19999695,245,354
2023,721194,721,Richmond County,194,Goshen Elementary School,44.09999847,178,404
2023,721197,721,Richmond County,197,Glenn Hills Middle School,67.30000305,513,762
2023,721201,721,Richmond County,201,Sue Reynolds Elementary School ,48.70000076,290,595
2023,721205,721,Richmond County,205,Diamond Lakes Elementary School,53.5,227,424
2023,721213,721,Richmond County,213,Richmond County Technical Career Magnet School,29.79999924,142,477
2023,721290,721,Richmond County,290,Willis Foreman Elementary School,55.20000076,160,290
2023,721294,721,Richmond County,294,Tobacco Road Elementary School,53.5,206,385
2023,721297,721,Richmond County,297,McBean Elementary School,47.70000076,156,327
2023,721300,721,Richmond County,300,Lake Forest Hills Elementary School,25.79999924,121,469
2023,721301,721,Richmond County,301,Jenkins-White Elementary School,92.19999695,308,334
2023,721390,721,Richmond County,390,Spirit Creek Middle School,51.5,274,532
2023,721393,721,Richmond County,393,W.S. Hornsby Elementary School,86.5,473,547
2023,721394,721,Richmond County,394,Belair K-8 School,31.70000076,313,988
2023,721397,721,Richmond County,397,Richmond Hill K-8,71,802,1130
2023,7211052,721,Richmond County,1052,Butler High School,57.90000153,485,837
2023,7211054,721,Richmond County,1054,Garrett Elementary School,41.79999924,133,318
2023,7211058,721,Richmond County,1058,Langford Middle School,58.40000153,427,731
2023,7211064,721,Richmond County,1064,Walker Traditional Elementary School,29.29999924,170,581
2023,7211156,721,Richmond County,1156,Hephzibah Middle School,51.79999924,268,517
2023,7212050,721,Richmond County,2050,Barton Chapel Elementary School,73.40000153,259,353
2023,7212052,721,Richmond County,2052,Copeland Elementary School,65.90000153,230,349
2023,7212054,721,Richmond County,2054,Glenn Hills Elementary School,65.69999695,226,344
2023,7212056,721,Richmond County,2056,Hephzibah High School,39,418,1072
2023,7212058,721,Richmond County,2058,Merry Elementary School,57.70000076,202,350
2023,7212064,721,Richmond County,2064,Warren Road Elementary School,42.40000153,237,559
2023,7212574,721,Richmond County,2574,Westside High School,28.29999924,283,999
2023,7213050,721,Richmond County,3050,Bayvale Elementary School,68.5,224,327
2023,7213054,721,Richmond County,3054,Glenn Hills High School,56.70000076,501,883
2023,7213556,721,Richmond County,3556,Johnson Magnet,24,153,637
2023,7213756,721,Richmond County,3756,Josey High School,61.20000076,477,779
2023,7214050,721,Richmond County,4050,Blythe Elementary School,50,135,270
2023,7214054,721,Richmond County,4054,Gracewood Elementary School,62,290,468
2023,7214058,721,Richmond County,4058,Monte Sano Elementary School,68.30000305,250,366
2023,7214060,721,Richmond County,4060,Academy of Richmond County High School,35.20000076,402,1141
2023,7214064,721,Richmond County,4064,Wheeless Road Elementary School,75,385,513
2023,7214562,721,Richmond County,4562,Davidson Magnet School,11,79,716
2023,7214762,721,Richmond County,4762,Terrace Manor Elementary School,77.80000305,182,234
2023,7215054,721,Richmond County,5054,Dorothy Hains Elementary School,67.19999695,272,405
2023,7215058,721,Richmond County,5058,Murphey Middle School,75.30000305,478,635
2023,7215564,721,Richmond County,5564,Tutt Middle School,48.70000076,232,476
2023,7215566,721,Richmond County,5566,Laney High School,59.09999847,404,684
2023,722102,722,Rockdale County,102,Peek's Chapel Elementary,50.70000076,255,503
2023,722107,722,Rockdale County,107,General Ray Davis Middle School,32.59999847,319,978
2023,722110,722,Rockdale County,110,Hicks Elementary School,50.09999847,451,901
2023,722174,722,Rockdale County,174,Honey Creek Elementary School,39.79999924,177,445
2023,722176,722,Rockdale County,176,Heritage High School,27.70000076,521,1878
2023,722178,722,Rockdale County,178,Barksdale Elementary School,40.59999847,189,465
2023,722189,722,Rockdale County,189,Sims Elementary School,52.20000076,242,464
2023,722192,722,Rockdale County,192,Salem High School,40,448,1120
2023,722194,722,Rockdale County,194,Shoal Creek Elementary School,50.40000153,320,635
2023,722197,722,Rockdale County,197,Lorraine Elementary School,33.29999924,191,574
2023,722278,722,Rockdale County,278,Conyers Middle School,48.90000153,504,1031
2023,722289,722,Rockdale County,289,Hightower Trail Elementary School,47.09999847,231,490
2023,722294,722,Rockdale County,294,Memorial Middle School,44.5,343,771
2023,722378,722,Rockdale County,378,Edwards Middle School,41.40000153,390,943
2023,7222050,722,Rockdale County,2050,Flat Shoals Elementary School,42.20000076,232,550
2023,7222052,722,Rockdale County,2052,Pine Street Elementary School,55.40000153,335,605
2023,7223052,722,Rockdale County,3052,Rockdale County High School,31.60000038,749,2369
2023,7225050,722,Rockdale County,5050,House Elementary School,35.29999924,202,572
2023,723101,723,Schley County,101,Schley Middle High School,25,166,664
2023,723198,723,Schley County,198,Schley County Elementary School,31.70000076,158,499
2023,724191,724,Screven County,191,Screven County Elementary School,55.29999924,502,908
2023,724197,724,Screven County,197,Screven County Middle School,49,223,455
2023,7244052,724,Screven County,4052,Screven County High School,39.20000076,231,590
2023,725196,725,Seminole County,196,Seminole County Middle/High School,41.09999847,289,703
2023,725296,725,Seminole County,296,Seminole County Elementary School,52.90000153,301,569
2023,726101,726,Griffin-Spalding County,101,Spalding High School,31.39999962,393,1252
2023,726103,726,Griffin-Spalding County,103,Moreland Road Elementary,44.09999847,165,374
2023,726106,726,Griffin-Spalding County,106,Carver Road Middle School,43.29999924,204,471
2023,726107,726,Griffin-Spalding County,107,Kennedy Road Middle School,51.59999847,246,477
2023,726110,726,Griffin-Spalding County,110,Rehoboth Road Middle School,42.59999847,262,615
2023,726187,726,Griffin-Spalding County,187,Griffin High School,44.40000153,665,1498
2023,726192,726,Griffin-Spalding County,192,Cowan Road Elementary School,50.20000076,261,520
2023,726195,726,Griffin-Spalding County,195,Jordan Hill Road Elementary School,46,138,300
2023,726199,726,Griffin-Spalding County,199,Futral Road Elementary School,35.40000153,193,545
2023,726201,726,Griffin-Spalding County,201,Cowan Road Middle School,60.20000076,327,543
2023,726208,726,Griffin-Spalding County,208,AZ Kelsey Academy,38.90000153,7,18
2023,7261050,726,Griffin-Spalding County,1050,Anne Street Elementary School,77,208,270
2023,7261052,726,Griffin-Spalding County,1052,Jackson Road Elementary School,50.29999924,164,326
2023,7261550,726,Griffin-Spalding County,1550,Atkinson Elementary School,75.59999847,291,385
2023,7261750,726,Griffin-Spalding County,1750,Beaverbrook Elementary School,58.29999924,161,276
2023,7262050,726,Griffin-Spalding County,2050,Crescent Road Elementary School,39.40000153,148,376
2023,7262552,726,Griffin-Spalding County,2552,Moore Elementary School,81.90000153,280,342
2023,7264052,726,Griffin-Spalding County,4052,Orrs Elementary School,56,276,493
2023,727104,727,Stephens County,104,Stephens County Middle School,37.70000076,325,862
2023,727187,727,Stephens County,187,Liberty Elementary School,46.70000076,265,567
2023,727195,727,Stephens County,195,Big A Elementary School,48.40000153,133,275
2023,727197,727,Stephens County,197,Toccoa Elementary School,42.5,239,563
2023,727296,727,Stephens County,296,Stephens County Fifth Grade Academy,41.5,113,272
2023,7275050,727,Stephens County,5050,Stephens County High School,30.29999924,347,1146
2023,728101,728,Stewart County,101,Stewart County Middle School,74,71,96
2023,728192,728,Stewart County,192,Stewart County Elementary School,78.69999695,133,169
2023,728201,728,Stewart County,201,Stewart County High School,56.29999924,67,119
2023,729100,729,Sumter County,100,Sumter County Primary School,77.90000153,436,560
2023,729188,729,Sumter County,188,Sumter County Elementary School,67.09999847,338,504
2023,729190,729,Sumter County,190,Sumter County Middle School,68.40000153,383,560
2023,729397,729,Sumter County,397,Sumter County High School,58.40000153,571,978
2023,729595,729,Sumter County,595,Sumter County Intermediate School,70.19999695,555,791
2023,730190,730,Talbot County,190,Central Elementary/High School,64,247,386
2023,731102,731,Taliaferro County,102,Taliaferro County School,59.79999924,104,174
2023,732101,732,Tattnall County,101,North Tattnall Middle School,43.20000076,193,447
2023,732194,732,Tattnall County,194,Tattnall County High School,34.70000076,360,1036
2023,732201,732,Tattnall County,201,South Tattnall Middle School,41,157,383
2023,732602,732,Tattnall County,602,North Tattnall Elementary School,52.59999847,409,777
2023,732603,732,Tattnall County,603,South Tattnall Elementary School,45.59999847,338,742
2023,733104,733,Taylor County,104,Taylor County Primary School,53,142,268
2023,733105,733,Taylor County,105,Taylor County Elementary,50.40000153,128,254
2023,733201,733,Taylor County,201,Taylor County High School,39.20000076,144,367
2023,733205,733,Taylor County,205,Taylor County Middle School,45.5,126,277
2023,734101,734,Telfair County,101,Telfair County Middle School,53.09999847,180,339
2023,734104,734,Telfair County,104,Telfair County Elementary,59.20000076,418,706
2023,734201,734,Telfair County,201,Telfair County High School,41.40000153,169,408
2023,734202,734,Telfair County,202,Telfair Alternative Preparation School,64.69999695,11,17
2023,735105,735,Terrell County,105,Terrell High School,61.20000076,189,309
2023,735109,735,Terrell County,109,Terrell Middle School,75,183,244
2023,7351051,735,Terrell County,1051,Cooper-Carver Elementary School,78.30000305,342,437
2023,736100,736,Thomas County,100,Bishop Hall Charter School,39.5,75,190
2023,736105,736,Thomas County,105,Hand In Hand Primary,45.09999847,167,370
2023,736115,736,Thomas County,115,The Renaissance Center for Academic and Career Development,56,28,50
2023,736191,736,Thomas County,191,Thomas County Central High School,28.10000038,428,1523
2023,736194,736,Thomas County,194,Cross Creek Elementary School,41.59999847,319,766
2023,736205,736,Thomas County,205,Thomas County Middle School,37.09999847,638,1718
2023,7365050,736,Thomas County,5050,Garrison-Pilcher Elementary School,43,336,781
2023,737104,737,Tift County,104,Annie Belle Clark Elementary School,44,325,738
2023,737173,737,Tift County,173,G. O. Bailey Elementary School,42.20000076,210,498
2023,737199,737,Tift County,199,Tift County High School,34.5,785,2273
2023,737299,737,Tift County,299,Eighth Street Middle School,42,402,958
2023,7371052,737,Tift County,1052,J. T. Reddick Elementary School,54.79999924,164,299
2023,7372050,737,Tift County,2050,Len Lastinger Elementary School,49.79999924,210,422
2023,7373050,737,Tift County,3050,Northside Elementary School,60.29999924,246,408
2023,7373052,737,Tift County,3052,Northeast Middle School,48.59999847,343,706
2023,7374050,737,Tift County,4050,Omega Elementary School,49.29999924,144,292
2023,7374052,737,Tift County,4052,Matt Wilson Elementary School,55.09999847,204,370
2023,7375050,737,Tift County,5050,Charles Spencer Elementary School,55.70000076,182,327
2023,738103,738,Toombs County,103,Toombs County Middle School,49.40000153,331,670
2023,738104,738,Toombs County,104,Lyons Primary School,62.29999924,271,435
2023,738192,738,Toombs County,192,Toombs County High School,42,358,853
2023,738204,738,Toombs County,204,Lyons Upper Elementary,58.59999847,256,437
2023,7384050,738,Toombs County,4050,Toombs Central Elementary School,35,153,437
2023,739103,739,Towns County,103,Towns County Elementary School,32.40000153,144,445
2023,739104,739,Towns County,104,Towns County Middle School,22.79999924,47,206
2023,739204,739,Towns County,204,Towns County High School,13.19999981,39,296
2023,740113,740,Treutlen County,113,Treutlen Elementary School,49.59999847,212,427
2023,740213,740,Treutlen County,213,Treutlen Middle/High School,40.79999924,217,532
2023,741109,741,Troup County,109,Callaway Elementary School,50.20000076,292,582
2023,741187,741,Troup County,187,West Point Elementary School,54.29999924,207,381
2023,741189,741,Troup County,189,Long Cane Elementary School,25.5,139,546
2023,741191,741,Troup County,191,Gardner-Newman Middle School,44.20000076,459,1039
2023,741194,741,Troup County,194,Hollis Hand Elementary School,27,137,507
2023,741201,741,Troup County,201,Callaway High School,38,350,921
2023,741204,741,Troup County,204,Callaway Middle School,45.20000076,343,759
2023,741205,741,Troup County,205,Franklin Forest Elementary,55.09999847,365,663
2023,741207,741,Troup County,207,Bradfield Center - Ault Academy,100,32,32
2023,741297,741,Troup County,297,Long Cane Middle School,39.79999924,390,979
2023,741387,741,Troup County,387,Troup County High School,31.39999962,421,1341
2023,741397,741,Troup County,397,Hogansville Elementary School,46.79999924,185,395
2023,741597,741,Troup County,597,Ethel W. Kight Elementary School,58.40000153,319,546
2023,741698,741,Troup County,698,Clearview Elementary School,61.70000076,353,572
2023,741699,741,Troup County,699,The Hope Academy School,57.09999847,44,77
2023,7411052,741,Troup County,1052,LaGrange High School,30.60000038,398,1301
2023,7413050,741,Troup County,3050,Hillcrest Elementary School,25.89999962,85,328
2023,7415050,741,Troup County,5050,Rosemont Elementary School,28.10000038,150,533
2023,7415052,741,Troup County,5052,Berta Weathersbee Elementary School,71.30000305,171,240
2023,742190,742,Turner County,190,Turner County Middle School,63.59999847,154,242
2023,742196,742,Turner County,196,Turner County Elementary School,64.90000153,336,518
2023,7423050,742,Turner County,3050,Turner County High School,52.5,187,356
2023,743107,743,Twiggs County,107,Jeffersonville Elementary,58,174,300
2023,743201,743,Twiggs County,201,Twiggs County High School,50.5,106,210
2023,743207,743,Twiggs County,207,Twiggs Middle School,57.70000076,101,175
2023,744101,744,Union County,101,Union County High School,12.5,111,890
2023,744103,744,Union County,103,Union County Elementary School,23.10000038,142,616
2023,744108,744,Union County,108,Union County Middle School,19,129,680
2023,7441050,744,Union County,1050,Union County Primary School,21.79999924,138,634
2023,7443050,744,Union County,3050,Woody Gap High/Elementary School,42.40000153,28,66
2023,745105,745,Thomaston-Upson County,105,Upson-Lee Primary School,53.70000076,484,902
2023,745195,745,Thomaston-Upson County,195,Upson-Lee High School,35.29999924,416,1178
2023,745295,745,Thomaston-Upson County,295,Upson-Lee Elementary School,49.29999924,447,906
2023,745395,745,Thomaston-Upson County,395,Upson-Lee Middle School,47.09999847,437,927
2023,746100,746,Walker County,100,Rock Spring Elementary School,29,106,365
2023,746106,746,Walker County,106,Chattanooga Valley Middle School,30.70000076,151,492
2023,746114,746,Walker County,114,Saddle Ridge Elementary and Middle School,24.29999924,155,637
2023,746180,746,Walker County,180,LaFayette Middle School,35.79999924,206,575
2023,746190,746,Walker County,190,Ridgeland High School,27.10000038,338,1245
2023,746194,746,Walker County,194,Rossville Elementary School,49.5,190,384
2023,746195,746,Walker County,195,Gilbert Elementary School,43.59999847,195,447
2023,746198,746,Walker County,198,LaFayette High School,23.89999962,279,1166
2023,746199,746,Walker County,199,Cherokee Ridge Elementary,40.20000076,214,532
2023,746200,746,Walker County,200,North LaFayette Elementary School,31.89999962,123,385
2023,746206,746,Walker County,206,Rossville Middle School,38.90000153,173,445
2023,7462052,746,Walker County,2052,Fairyland Elementary School,7,18,257
2023,7462056,746,Walker County,2056,Naomi Elementary School,42.20000076,125,296
2023,7464050,746,Walker County,4050,Chattanooga Valley Elementary School,27.79999924,126,453
2023,7465052,746,Walker County,5052,Stone Creek Elementary School,44.09999847,176,399
2023,747101,747,Walton County,101,Atha Road Elementary School,33.90000153,258,762
2023,747102,747,Walton County,102,Youth Middle School,21.39999962,264,1236
2023,747105,747,Walton County,105,Monroe Elementary,53.20000076,275,517
2023,747108,747,Walton County,108,Sharon Elementary School,16,109,680
2023,747111,747,Walton County,111,Walnut Grove High School,16,233,1452
2023,747112,747,Walton County,112,Harmony Elementary School,54,336,622
2023,747176,747,Walton County,176,Bay Creek Elementary School,33.90000153,224,660
2023,747191,747,Walton County,191,Loganville Elementary School,21.60000038,208,962
2023,747193,747,Walton County,193,Carver Middle School,38.20000076,306,801
2023,747195,747,Walton County,195,Walnut Grove Elementary School,22.79999924,155,679
2023,747199,747,Walton County,199,Loganville High School,13.60000038,246,1809
2023,747202,747,Walton County,202,Youth Elementary School,17.5,128,732
2023,747205,747,Walton County,205,Monroe Area High School,28.60000038,332,1159
2023,747291,747,Walton County,291,Loganville Middle School,19.60000038,259,1322
2023,7472052,747,Walton County,2052,Walker Park Elementary School,24,158,658
2023,748195,748,Ware County,195,Ware County High School,37.90000153,602,1590
2023,748196,748,Ware County,196,Williams Heights Elementary School,49.29999924,210,426
2023,748295,748,Ware County,295,Waycross Middle School,50.59999847,295,583
2023,748296,748,Ware County,296,Center Elementary School,62.90000153,302,480
2023,748395,748,Ware County,395,Ware County Middle School,47.40000153,371,783
2023,748396,748,Ware County,396,Ruskin Elementary School,71.80000305,272,379
2023,7483050,748,Ware County,3050,Memorial Drive Elementary School,58.40000153,206,353
2023,7483052,748,Ware County,3052,Waresboro Elementary School,49.90000153,221,443
2023,7485050,748,Ware County,5050,Wacona Elementary School,48.09999847,297,618
2023,749105,749,Warren County,105,Warren County Middle School,66.69999695,106,159
2023,749205,749,Warren County,205,Warren County High School,49.70000076,79,159
2023,7493050,749,Warren County,3050,Freeman Elementary School,73.69999695,235,319
2023,750199,750,Washington County,199,T. J. Elder Middle School,53.79999924,356,662
2023,7501052,750,Washington County,1052,Washington County High School,38.09999847,341,896
2023,7502050,750,Washington County,2050,Ridge Road Primary School,58.90000153,340,577
2023,7504050,750,Washington County,4050,Ridge Road Elementary School,51.70000076,322,623
2023,751101,751,Wayne County,101,Wayne County High School,31.39999962,461,1467
2023,751194,751,Wayne County,194,Martha Puckett Middle School,45.79999924,257,561
2023,751294,751,Wayne County,294,Arthur Williams Middle School,44.5,289,650
2023,751394,751,Wayne County,394,Martha Rawls Smith Elementary School,56.29999924,297,528
2023,751494,751,Wayne County,494,Bacon Elementary School,50.90000153,269,528
2023,7511050,751,Wayne County,1050,Jesup Elementary School,47.90000153,297,620
2023,7511052,751,Wayne County,1052,Screven Elementary School,41.70000076,78,187
2023,7513050,751,Wayne County,3050,Odum Elementary School,29.10000038,105,361
2023,752104,752,Webster County,104,Webster County Elementary/Middle School,53.90000153,97,180
2023,752108,752,Webster County,108,Webster County High School,38.59999847,27,70
2023,7531052,753,Wheeler County,1052,Wheeler County Elementary School,62.5,218,349
2023,7531053,753,Wheeler County,1053,Wheeler County Middle School,51.5,104,202
2023,7533052,753,Wheeler County,3052,Wheeler County High School,39.79999924,105,264
2023,754100,754,White County,100,Tesnatee Gap Elementary (Old White Co. Intermediate),25.39999962,117,461
2023,754104,754,White County,104,Mount Yonah Elementary School,24,105,438
2023,754105,754,White County,105,White County High School,19.10000038,225,1179
2023,754109,754,White County,109,Mossy Creek Elementary School,33.79999924,132,391
2023,754174,754,White County,174,White County Middle School,26.60000038,228,858
2023,754200,754,White County,200,Jack P Nix Elementary School,33.70000076,140,416
2023,755106,755,Whitfield County,106,New Hope Middle School,17.89999962,81,452
2023,755112,755,Whitfield County,112,Coahulla Creek High School,16.20000076,160,987
2023,755175,755,Whitfield County,175,Northwest Whitfield County High School,13.30000019,162,1219
2023,755199,755,Whitfield County,199,New Hope Elementary School,21.89999962,112,511
2023,755206,755,Whitfield County,206,Beaverdale Elementary School,30.39999962,126,415
2023,755211,755,Whitfield County,211,Cedar Ridge Elementary,31.70000076,106,334
2023,755212,755,Whitfield County,212,Phoenix High School,33.59999847,46,137
2023,755275,755,Whitfield County,275,Southeast Whitfield County High School,20.60000038,308,1492
2023,755475,755,Whitfield County,475,Eastbrook Middle School,27.89999962,190,680
2023,755575,755,Whitfield County,575,North Whitfield Middle School,25.20000076,205,815
2023,755675,755,Whitfield County,675,Valley Point Middle School,23.10000038,104,451
2023,755775,755,Whitfield County,775,Westside Middle School,22.39999962,88,392
2023,7551050,755,Whitfield County,1050,Antioch Elementary School,31.79999924,135,424
2023,7551052,755,Whitfield County,1052,Eastside Elementary School,34.79999924,176,506
2023,7551054,755,Whitfield County,1054,Varnell Elementary School,24.29999924,91,374
2023,7552050,755,Whitfield County,2050,Cohutta Elementary School,33.20000076,100,301
2023,7552052,755,Whitfield County,2052,Pleasant Grove Elementary School,25.10000038,107,426
2023,7552054,755,Whitfield County,2054,Westside Elementary School,25.60000038,132,516
2023,7553050,755,Whitfield County,3050,Dawnville Elementary School,27.10000038,104,384
2023,7553052,755,Whitfield County,3052,Tunnel Hill Elementary School,22.29999924,69,310
2023,7554050,755,Whitfield County,4050,Dug Gap Elementary School,20.79999924,69,331
2023,7554052,755,Whitfield County,4052,Valley Point Elementary School,39.59999847,187,472
2023,756101,756,Wilcox County,101,Wilcox County Middle School,41.20000076,117,284
2023,756195,756,Wilcox County,195,Wilcox County Elementary School,52.59999847,263,500
2023,756201,756,Wilcox County,201,Wilcox County High School,36.79999924,125,340
2023,757105,757,Wilkes County,105,Washington-Wilkes Primary School,55,191,347
2023,757110,757,Wilkes County,110,Washington-Wilkes Comprehensive High School,35.29999924,126,357
2023,757205,757,Wilkes County,205,Washington-Wilkes Elementary School,45.09999847,88,195
2023,757210,757,Wilkes County,210,Washington-Wilkes Middle School,43.79999924,130,297
2023,758175,758,Wilkinson County,175,Wilkinson County Elementary School,53.90000153,111,206
2023,758275,758,Wilkinson County,275,Wilkinson County Middle School,55.09999847,135,245
2023,7581050,758,Wilkinson County,1050,Wilkinson County Primary School,59.5,135,227
2023,7583050,758,Wilkinson County,3050,Wilkinson County High School,42.79999924,161,376
2023,759111,759,Worth County,111,Worth County Elementary School,49.40000153,337,682
2023,759176,759,Worth County,176,Worth County High School,36.79999924,318,864
2023,759193,759,Worth County,193,Worth County Middle School,45.59999847,313,686
2023,759196,759,Worth County,196,Worth County Primary School,58,413,712
2023,759197,759,Worth County,197,Worth County Achievement Center,42.90000153,9,21
2023,761100,761,Atlanta Public Schools,100,Herman J. Russell West End Academy,74.40000153,297,399
2023,761101,761,Atlanta Public Schools,101,Parkside Elementary School,38.40000153,197,513
2023,761103,761,Atlanta Public Schools,103,Heritage Academy Elementary School,75.30000305,287,381
2023,761104,761,Atlanta Public Schools,104,John Wesley Dobbs Elementary School,75.09999847,251,334
2023,761105,761,Atlanta Public Schools,105,Finch Elementary,79.5,241,303
2023,761106,761,Atlanta Public Schools,106,Carver High School Early College,63.29999924,364,575
2023,761115,761,Atlanta Public Schools,115,Kipp Strive Charter School,50.5,204,404
2023,761116,761,Atlanta Public Schools,116,Springdale Park Elementary School,7.699999809,57,742
2023,761122,761,Atlanta Public Schools,122,KIPP VISION Charter School,61.70000076,248,402
2023,761123,761,Atlanta Public Schools,123,The Kindezi School,55,235,427
2023,761173,761,Atlanta Public Schools,173,Crawford Long Middle School,74.5,525,705
2023,761180,761,Atlanta Public Schools,180,Ralph Bunche Middle School,66,544,824
2023,761182,761,Atlanta Public Schools,182,Benjamin E. Mays High School,58.59999847,784,1337
2023,761186,761,Atlanta Public Schools,186,Maynard Jackson High School,42.5,627,1474
2023,761188,761,Atlanta Public Schools,188,Sylvan Hills Middle School,73.5,327,445
2023,761192,761,Atlanta Public Schools,192,North Atlanta High School,17.79999924,413,2316
2023,761196,761,Atlanta Public Schools,196,Cascade Elementary School,77.30000305,252,326
2023,761199,761,Atlanta Public Schools,199,Centennial Place Academy (Charter),58.29999924,469,804
2023,761201,761,Atlanta Public Schools,201,Charles R. Drew Charter School,19.89999962,174,876
2023,761206,761,Atlanta Public Schools,206,Atlanta Neighborhood Charter - Middle,5.199999809,12,231
2023,761207,761,Atlanta Public Schools,207,Hillside Conant School,98,50,51
2023,761212,761,Atlanta Public Schools,212,Kipp Atlanta Collegiate Charter School,51,411,806
2023,761213,761,Atlanta Public Schools,213,KIPP Strive Primary Charter School,54.70000076,290,530
2023,761214,761,Atlanta Public Schools,214,KIPP Vision Primary Charter School,69.40000153,347,500
2023,761215,761,Atlanta Public Schools,215,Kipp WAYS Primary Charter School,70,334,477
2023,761282,761,Atlanta Public Schools,282,Jean Childs Young Middle School,72,538,747
2023,761288,761,Atlanta Public Schools,288,Judson Price Middle School,80.59999847,228,283
2023,761296,761,Atlanta Public Schools,296,T. J. Perkerson Elementary School,77.69999695,247,318
2023,761303,761,Atlanta Public Schools,303,Bolton Academy Elementary ,20.60000038,101,491
2023,761304,761,Atlanta Public Schools,304,Deerwood Academy ,62.40000153,292,468
2023,761305,761,Atlanta Public Schools,305,Burgess-Peterson Elementary School,21.60000038,105,486
2023,761314,761,Atlanta Public Schools,314,Westside Atlanta Charter School,30.60000038,106,346
2023,761315,761,Atlanta Public Schools,315,Booker T. Washington High School,63.29999924,526,831
2023,761373,761,Atlanta Public Schools,373,Martin L. King Jr. Middle School,59.70000076,488,818
2023,761403,761,Atlanta Public Schools,403,Hank Aaron New Beginnings Academy,73.80000305,124,168
2023,761415,761,Atlanta Public Schools,415,Atlanta Classical Academy,5.199999809,35,678
2023,761505,761,Atlanta Public Schools,505,Atlanta Neighborhood Charter - Elementary,5.599999905,22,394
2023,761513,761,Atlanta Public Schools,513,Miles Elementary School,77.59999847,367,473
2023,761515,761,Atlanta Public Schools,515,Charles Drew Charter JA/SR Academy,23.60000038,218,925
2023,761604,761,Atlanta Public Schools,604,Bazoline E. Usher/Collier Heights Elmentary School,71.90000153,266,370
2023,761605,761,Atlanta Public Schools,605,KIPP WAYS Academy Charter School,65.09999847,255,392
2023,7611053,761,Atlanta Public Schools,1053,William M.Boyd Elementary School,90.5,419,463
2023,7611063,761,Atlanta Public Schools,1063,Emma Hutchinson Elementary School,76.80000305,209,272
2023,7611064,761,Atlanta Public Schools,1064,L. O. Kimberly Elementary School,73.19999695,230,314
2023,7611066,761,Atlanta Public Schools,1066,E. Rivers Elementary School,23,153,664
2023,7611208,761,Atlanta Public Schools,1208,Wesley International Academy Charter,47.29999924,356,752
2023,7611409,761,Atlanta Public Schools,1409,D. M. Therrell High School,58.09999847,565,973
2023,7611410,761,Atlanta Public Schools,1410,Corretta Scott King Young Womens' Leadership Academy,60.40000153,195,323
2023,7611411,761,Atlanta Public Schools,1411,B.E.S.T Academy,52.70000076,125,237
2023,7611412,761,Atlanta Public Schools,1412,South Atlanta High School,69.80000305,648,928
2023,7611413,761,Atlanta Public Schools,1413,Carver High School,69,307,445
2023,7611414,761,Atlanta Public Schools,1414,Michael R. Hollis Innovation Academy,78.19999695,482,616
2023,7611415,761,Atlanta Public Schools,1415,Woodson Park Academy School,82.69999695,714,863
2023,7611416,761,Atlanta Public Schools,1416,Tuskegee Airman Global Academy,78.40000153,392,500
2023,7611417,761,Atlanta Public Schools,1417,Kindezi Old 4th Ward,58.79999924,255,434
2023,7611418,761,Atlanta Public Schools,1418,John Lewis Invictus Academy,79.40000153,655,825
2023,7611419,761,Atlanta Public Schools,1419,KIPP Soul Primary,69.19999695,313,452
2023,7611421,761,Atlanta Public Schools,1421,Harper-Archer Elementary School,86.80000305,514,592
2023,7611422,761,Atlanta Public Schools,1422,KIPP Soul Academy,66,208,315
2023,7611560,761,Atlanta Public Schools,1560,Garden Hills Elementary School,37,157,424
2023,7611563,761,Atlanta Public Schools,1563,David T Howard Middle School,20.29999924,227,1119
2023,7611567,761,Atlanta Public Schools,1567,Sara Rawson Smith Elementary School,19.79999924,167,844
2023,7611664,761,Atlanta Public Schools,1664,Morningside Elementary School,4.400000095,36,816
2023,7612053,761,Atlanta Public Schools,2053,Morris Brandon Elementary School,9.600000381,81,843
2023,7612062,761,Atlanta Public Schools,2062,The John Hope-Charles Walter Hill Elementary Schools,68.69999695,224,326
2023,7612560,761,Atlanta Public Schools,2560,Charles L. Gideons Elementary School,74.80000305,240,321
2023,7612563,761,Atlanta Public Schools,2563,Jackson Elementary School,7.199999809,31,429
2023,7612564,761,Atlanta Public Schools,2564,Mary Lin Elementary School,3.700000048,23,628
2023,7612569,761,Atlanta Public Schools,2569,West Manor Elementary School,66.5,165,248
2023,7613051,761,Atlanta Public Schools,3051,Beecher Hills Elementary School,50.20000076,110,219
2023,7613057,761,Atlanta Public Schools,3057,Continental Colony Elementary School,74.59999847,249,334
2023,7613065,761,Atlanta Public Schools,3065,Peyton Forest Elementary School,72.40000153,257,355
2023,7613067,761,Atlanta Public Schools,3067,Willis A. Sutton Middle School,22.20000076,344,1548
2023,7613559,761,Atlanta Public Schools,3559,R. N. Fickett Elementary School,71.30000305,306,429
2023,7613566,761,Atlanta Public Schools,3566,William J. Scott Elementary School,79.90000153,215,269
2023,7614056,761,Atlanta Public Schools,4056,Cleveland Avenue Elementary School,73.30000305,184,251
2023,7614058,761,Atlanta Public Schools,4058,Frederick Douglass High School,70.80000305,787,1112
2023,7614063,761,Atlanta Public Schools,4063,M. A. Jones Elementary School,74,313,423
2023,7614066,761,Atlanta Public Schools,4066,Thomas Heathe Slater Elementary School,81.5,413,507
2023,7614560,761,Atlanta Public Schools,4560,Midtown High School,17.70000076,283,1602
2023,7615051,761,Atlanta Public Schools,5051,Benteen Elementary School,38.20000076,89,233
2023,7615066,761,Atlanta Public Schools,5066,Barack and Michelle Obama Academy,76.59999847,183,239
2023,7615558,761,Atlanta Public Schools,5558,Paul L. Dunbar Elementary School,87.09999847,236,271
2023,7615562,761,Atlanta Public Schools,5562,Joseph Humphries Elementary School,81.80000305,198,242
2023,7615566,761,Atlanta Public Schools,5566,F. L. Stanton Elementary School,87.19999695,170,195
2023,7615567,761,Atlanta Public Schools,5567,Fred A. Toomer Elementary School,54.70000076,244,446
2023,763110,763,Bremen City,110,Bremen 4th & 5th Grade Academy,11.89999962,40,337
2023,763201,763,Bremen City,201,Bremen High School,9.899999619,74,749
2023,763209,763,Bremen City,209,Bremen Middle School,8.600000381,44,509
2023,7632050,763,Bremen City,2050,Jones Elementary School,13.39999962,92,685
2023,764100,764,Buford City,100,Buford Academy,11.30000019,147,1297
2023,764104,764,Buford City,104,Buford Middle School,11,157,1427
2023,764191,764,Buford City,191,Buford High School,8.5,157,1846
2023,764196,764,Buford City,196,Buford Elementary School,13.80000019,54,390
2023,764292,764,Buford City,292,Buford Senior Academy,11,96,876
2023,765205,765,Calhoun City,205,Calhoun Middle School,26.29999924,164,623
2023,765305,765,Calhoun City,305,Calhoun Primary School,27.89999962,245,879
2023,765405,765,Calhoun City,405,Calhoun Elementary School,26.29999924,231,878
2023,765406,765,Calhoun City,406,Calhoun Early Learning Academy,31.5,82,260
2023,7653050,765,Calhoun City,3050,Calhoun High School,16.89999962,216,1276
2023,766106,766,Carrollton City,106,Carrollton Upper Elementary School,35.09999847,417,1189
2023,766193,766,Carrollton City,193,Carrollton Elementary School,37.40000153,602,1611
2023,7661050,766,Carrollton City,1050,Carrollton High School,25.79999924,454,1757
2023,7661550,766,Carrollton City,1550,Carrollton Jr. High School,31.70000076,280,883
2023,767177,767,Cartersville City,177,Cartersville Primary School,28.29999924,273,964
2023,767191,767,Cartersville City,191,Cartersville Elementary School,27.5,262,954
2023,767277,767,Cartersville City,277,Cartersville Middle School,25,259,1036
2023,7672050,767,Cartersville City,2050,Cartersville High School,17.70000076,248,1400
2023,769111,769,Chickamauga City,111,Gordon Lee Middle School,9.600000381,30,311
2023,769211,769,Chickamauga City,211,Gordon Lee High School,5.599999905,23,408
2023,7691050,769,Chickamauga City,1050,Chickamauga Elementary School,8.300000191,46,556
2023,771104,771,Commerce City,104,Commerce Primary,23.79999924,100,421
2023,771105,771,Commerce City,105,Commerce Middle School,26.20000076,139,530
2023,771112,771,Commerce City,112,Commerce High School,17.20000076,85,493
2023,7711050,771,Commerce City,1050,Commerce Elementary School,27.20000076,75,276
2023,772101,772,Dalton Public Schools,101,Park Creek Elementary School,34.20000076,175,512
2023,772105,772,Dalton Public Schools,105,Blue Ridge Elementary School,27,156,578
2023,772173,772,Dalton Public Schools,173,Westwood Elementary School,27.70000076,143,517
2023,772301,772,Dalton Public Schools,301,City Park Elementary School,37.20000076,227,610
2023,772377,772,Dalton Public Schools,377,Hammond Creek Middle School,27.20000076,296,1087
2023,772378,772,Dalton Public Schools,378,The Dalton Academy,27.39999962,110,402
2023,772379,772,Dalton Public Schools,379,Dalton Jr. High School,22.5,261,1162
2023,7721050,772,Dalton Public Schools,1050,Brookwood Elementary School,15.60000038,103,662
2023,7721052,772,Dalton Public Schools,1052,Roan Elementary School,26.60000038,101,379
2023,7724050,772,Dalton Public Schools,4050,Dalton High School,17.10000038,236,1382
2023,773105,773,City Schools of Decatur,105,Oakhurst Elementary School,7.599999905,19,249
2023,773112,773,City Schools of Decatur,112,Fifth Avenue Upper Elementary School,4.5,27,596
2023,773115,773,City Schools of Decatur,115,Westchester Elementary School,4.800000191,8,165
2023,773212,773,City Schools of Decatur,212,Glennwood Elementary School,8.300000191,15,181
2023,773405,773,City Schools of Decatur,405,Winnona Park Elementary School,2.5,7,275
2023,773505,773,City Schools of Decatur,505,Clairemont Elementary School,26,47,181
2023,773506,773,City Schools of Decatur,506,Talley Street Upper Elementary School,12,79,661
2023,7731552,773,City Schools of Decatur,1552,Beacon Hill Middle School,9.5,126,1323
2023,7733050,773,City Schools of Decatur,3050,Decatur High School,8.899999619,165,1853
2023,774102,774,Dublin City,102,Dublin Middle School,69.90000153,432,618
2023,774112,774,Dublin City,112,Hillcrest Elementary,70.5,323,458
2023,774211,774,Dublin City,211,Dublin High School,53.70000076,292,544
2023,774312,774,Dublin City,312,Susie Dasher,82,393,479
2023,774412,774,Dublin City,412,Moore Street Facility,80,44,55
2023,776104,776,Gainesville City,104,New Holland Knowledge Academy,34.20000076,162,473
2023,776109,776,Gainesville City,109,Gainesville Middle School West,33.79999924,299,884
2023,776110,776,Gainesville City,110,Gainesville Middle School East,30.10000038,253,841
2023,776193,776,Gainesville City,193,Centennial Arts Academy,35.5,272,767
2023,776204,776,Gainesville City,204,Gainesville Exploration Academy,33,171,518
2023,776211,776,Gainesville City,211,Mundy Mill Arts Academy,18.89999962,129,683
2023,7762050,776,Gainesville City,2050,Enota Multiple Intelligences Academy,33.59999847,240,714
2023,7762550,776,Gainesville City,2550,Fair Street International Academy,48.90000153,256,523
2023,7763050,776,Gainesville City,3050,Gainesville High School,24.60000038,565,2294
2023,779101,779,Jefferson City,101,Jefferson Middle School,9.300000191,94,1014
2023,779107,779,Jefferson City,107,Jefferson Academy,9.600000381,89,931
2023,779174,779,Jefferson City,174,Jefferson High School,7.800000191,95,1215
2023,7793050,779,Jefferson City,3050,Jefferson Elementary School,9.899999619,80,808
2023,781101,781,Marietta City,101,Marietta High School ,22.10000038,580,2626
2023,781104,781,Marietta City,104,Sawyer Road Elementary School,36.70000076,214,583
2023,781106,781,Marietta City,106,Marietta Center for Advanced Academics,9.5,29,305
2023,781188,781,Marietta City,188,A.L. Burruss Elementary School,23.79999924,88,370
2023,781194,781,Marietta City,194,Dunleith Elementary School,41.79999924,235,562
2023,781203,781,Marietta City,203,Marietta Middle School ,28.29999924,373,1316
2023,781207,781,Marietta City,207,George W. Hartmann Center,100,8,8
2023,781294,781,Marietta City,294,Lockheed Elementary School,36.5,269,736
2023,781303,781,Marietta City,303,Marietta Sixth Grade Academy,28.20000076,187,663
2023,7812052,781,Marietta City,2052,Park Street Elementary School,43.59999847,205,470
2023,7813050,781,Marietta City,3050,Hickory Hills Elementary School,25.70000076,102,397
2023,7815052,781,Marietta City,5052,West Side Elementary School,7.699999809,41,533
2023,7820108108,7820108,State Charter Schools- Mountain Education Charter High School,108,Mountain Education Charter High School,21.60000038,558,2581
2023,7820110110,7820110,State Charter Schools- Odyssey Charter School,110,Odyssey Charter School,20.10000038,68,339
2023,7820120120,7820120,State Charter Schools- Georgia Cyber Academy,120,Georgia Cyber Academy,42.79999924,3799,8876
2023,7820121121,7820121,State Charter Schools- Utopian Academy for the Arts Charter School,121,Utopian Academy for the Arts Charter School,47.90000153,187,390
2023,7820212212,7820212,State Charter Schools- Cherokee Charter Academy,212,Cherokee Charter Academy,17.70000076,110,622
2023,7820412412,7820412,State Charter Schools- Georgia Connections Academy,412,Georgia Connections Academy,31.89999962,2032,6373
2023,7820612612,7820612,"State Charter Schools- Ivy Preparatory Academy, Inc",612,"Ivy Preparatory Academy, Inc",55.59999847,250,450
2023,7820613613,7820613,State Charter Schools- Foothills Charter High School (Central Office - Athens),613,Foothills Charter High School (Central Office - Athens),27.5,692,2519
2023,7820614614,7820614,State Charter Schools- International Charter School of Atlanta,614,International Charter School of Atlanta,6.400000095,54,842
2023,7820615615,7820615,State Charter Schools- Scintilla Charter Academy,615,Scintilla Charter Academy,21.10000038,152,721
2023,7820616616,7820616,State Charter Schools- Georgia School for Innovation and the Classics,616,Georgia School for Innovation and the Classics,19.20000076,186,969
2023,7820617617,7820617,State Charter Schools- Dubois Integrity Academy,617,Dubois Integrity Academy,49.20000076,649,1320
2023,7820618618,7820618,State Charter Schools- Coastal Plains Charter High School,618,Coastal Plains Charter High School,31.29999924,607,1942
2023,7830103103,7830103,State Charter Schools II- Statesboro STEAM Academy,103,Statesboro STEAM Academy,19.39999962,37,191
2023,7830210210,7830210,State Charter Schools II- Pataula Charter Academy,210,Pataula Charter Academy,34.09999847,196,575
2023,7830310310,7830310,State Charter Schools II- Fulton Leadership Academy,310,Fulton Leadership Academy,38.79999924,88,227
2023,7830410410,7830410,State Charter Schools II- Atlanta Heights Charter School,410,Atlanta Heights Charter School,72,490,681
2023,7830610610,7830610,State Charter Schools II- Coweta Charter Academy,610,Coweta Charter Academy,12.80000019,101,789
2023,7830611611,7830611,State Charter Schools II- Cirrus Charter Academy,611,Cirrus Charter Academy,76.09999847,357,469
2023,7830612612,7830612,State Charter Schools II- Southwest Georgia S.T.E.M. Charter Academy,612,Southwest Georgia S.T.E.M. Charter Academy,50.90000153,236,464
2023,7830613613,7830613,State Charter Schools II- Brookhaven Innovation Academy,613,Brookhaven Innovation Academy,19.20000076,96,501
2023,7830614614,7830614,State Charter Schools II- Liberty Tech Charter Academy,614,Liberty Tech Charter Academy,14.60000038,61,417
2023,7830615615,7830615,State Charter Schools II- Genesis Innovation Academy for Boys,615,Genesis Innovation Academy for Boys,44.09999847,134,304
2023,7830616616,7830616,State Charter Schools II- Genesis Innovation Academy for Girls,616,Genesis Innovation Academy for Girls,46.09999847,141,306
2023,7830617617,7830617,State Charter Schools II- Resurgence Hall Charter School,617,Resurgence Hall Charter School,34.20000076,138,403
2023,7830618618,7830618,State Charter Schools II- SAIL Charter Academy - School for Arts-Infused Learning,618,SAIL Charter Academy - School for Arts-Infused Learning,11.60000038,66,568
2023,7830619619,7830619,State Charter Schools II- International Academy of Smyrna,619,International Academy of Smyrna,38.70000076,123,318
2023,7830620620,7830620,State Charter Schools II- International Charter Academy of Georgia,620,International Charter Academy of Georgia,6,12,200
2023,7830621621,7830621,State Charter Schools II- SLAM Academy of Atlanta,621,SLAM Academy of Atlanta,82.19999695,129,157
2023,7830623623,7830623,State Charter Schools II- Academy For Classical Education,623,Academy For Classical Education,7.900000095,143,1807
2023,7830624624,7830624,State Charter Schools II- Spring Creek Charter Academy,624,Spring Creek Charter Academy,32.40000153,134,413
2023,7830625625,7830625,State Charter Schools II- Yi Hwang Academy of Language Excellence,625,Yi Hwang Academy of Language Excellence,7.300000191,22,301
2023,7830626626,7830626,State Charter Schools II- Furlow Charter School,626,Furlow Charter School,36.59999847,210,573
2023,7830627627,7830627,State Charter Schools II- Atlanta SMART Academy,627,Atlanta SMART Academy,50.70000076,106,209
2023,7830628628,7830628,State Charter Schools II- Ethos Classical Charter School,628,Ethos Classical Charter School,55.5,227,409
2023,7830630630,7830630,State Charter Schools II- Baconton Community Charter School,630,Baconton Community Charter School,30.60000038,259,846
2023,7830632632,7830632,State Charter Schools II- Atlanta Unbound Academy,632,Atlanta Unbound Academy,56.40000153,136,241
2023,7830633633,7830633,State Charter Schools II- D.E.L.T.A. STEAM Academy,633,D.E.L.T.A. STEAM Academy,22.89999962,67,292
2023,7830634634,7830634,State Charter Schools II- Georgia Fugees Academy Charter School,634,Georgia Fugees Academy Charter School,57.70000076,94,163
2023,7830636636,7830636,State Charter Schools II- Northwest Classical Academy,636,Northwest Classical Academy,7.199999809,46,640
2023,7830637637,7830637,State Charter Schools II- DeKalb Brilliance Academy,637,DeKalb Brilliance Academy,53.20000076,91,171
2023,7830641641,7830641,State Charter Schools II- Resurgence Hall Middle Academy,641,Resurgence Hall Middle Academy,35.09999847,27,77
2023,7830642642,7830642,State Charter Schools II- Destination Career Academy of Georgia,642,Destination Career Academy of Georgia,52.20000076,203,389
2023,7830643643,7830643,State Charter Schools II- Amana Academy West Atlanta,643,Amana Academy West Atlanta,15.69999981,26,166
2023,784111,784,Pelham City,111,Pelham High School,39.79999924,172,432
2023,784201,784,Pelham City,201,Pelham City Middle School,56.70000076,190,335
2023,7843050,784,Pelham City,3050,Pelham Elementary School,66.19999695,367,554
2023,785105,785,Rome City,105,Elm Street Elementary,39.5,214,542
2023,785173,785,Rome City,173,West Central Elementary School,44.5,228,512
2023,785193,785,Rome City,193,Rome High School,31.60000038,663,2095
2023,785275,785,Rome City,275,East Central Elementary School,42.90000153,231,539
2023,785293,785,Rome City,293,Rome Middle School,39.90000153,385,966
2023,785376,785,Rome City,376,Anna K. Davie Elementary,70.09999847,269,384
2023,785377,785,Rome City,377,Main Elementary School,68.30000305,254,372
2023,7852054,785,Rome City,2054,West End Elementary School,38.79999924,361,930
2023,786100,786,Social Circle City,100,Social Circle Primary School,29.60000038,120,406
2023,786103,786,Social Circle City,103,Social Circle Middle School,25.39999962,118,464
2023,786200,786,Social Circle City,200,Social Circle Elementary School,24.5,93,379
2023,786300,786,Social Circle City,300,Social Circle High School,14.60000038,87,596
2023,7893050,789,Thomasville City,3050,MacIntyre Park Middle School,37.90000153,212,559
2023,7893052,789,Thomasville City,3052,Scott Elementary School,64.40000153,195,303
2023,7894050,789,Thomasville City,4050,Harper Elementary School,70.40000153,202,287
2023,7894052,789,Thomasville City,4052,Thomasville High School,33,263,798
2023,7895050,789,Thomasville City,5050,Jerger Elementary School,16.79999924,114,679
2023,791101,791,Trion City,101,Trion Elementary School,27.10000038,156,575
2023,791201,791,Trion City,201,Trion Middle School,23.10000038,64,277
2023,791301,791,Trion City,301,Trion High School,17.70000076,69,389
2023,792101,792,Valdosta City,101,Sallas Mahone Elementary,49.59999847,501,1011
2023,792103,792,Valdosta City,103,Valdosta Middle School,51.20000076,543,1061
2023,792106,792,Valdosta City,106,J. L. Lomax Elementary School,73.69999695,403,547
2023,792117,792,Valdosta City,117,Pinevale Elementary School,82,428,522
2023,792195,792,Valdosta City,195,Newbern Middle School,71.5,576,806
2023,792273,792,Valdosta City,273,Valdosta High School,46.20000076,1101,2381
2023,792309,792,Valdosta City,309,S.L. Mason Elementary School,63.79999924,535,839
2023,7921052,792,Valdosta City,1052,W.G. Nunn Elementary,69.90000153,584,835
2023,793173,793,Vidalia City,173,J. R. Trippe Middle School,48,255,531
2023,793273,793,Vidalia City,273,Vidalia Comprehensive High School,32.70000076,239,732
2023,7932050,793,Vidalia City,2050,J. D. Dickerson Primary School,53.70000076,174,324
2023,7935050,793,Vidalia City,5050,Sally Dailey Meadows Elementary School,54.90000153,355,647
2023,7991893,799,State Schools,1893,Atlanta Area School for the Deaf,35.59999847,48,135
2023,7991894,799,State Schools,1894,Georgia Academy for the Blind,28.39999962,27,95
2023,7991895,799,State Schools,1895,Georgia School for the Deaf,32.40000153,22,68
2023,891104,891,Department of Juvenile Justice,104,Atlanta Youth Development Campus,40,4,10
2023,891205,891,Department of Juvenile Justice,205,Crisp RYDC,56.29999924,9,16
2023,891298,891,Department of Juvenile Justice,298,Augusta Youth Development Campus,38.70000076,12,31
2023,891405,891,Department of Juvenile Justice,405,Muscogee Youth Development Campus,30.60000038,15,49
2023,891414,891,Department of Juvenile Justice,414,Rockdale RYDC,58.29999924,7,12
2023,891598,891,Department of Juvenile Justice,598,Macon Youth Development Campus,41.20000076,7,17
2023,891898,891,Department of Juvenile Justice,898,Eastman Youth Development Campus,31,9,29
2023,8911498,891,Department of Juvenile Justice,1498,Augusta Regional Youth Detention Center,25,2,8
2023,8911698,891,Department of Juvenile Justice,1698,Martha K. Glaze Regional Youth Detention Center,61.90000153,13,21
2023,8911798,891,Department of Juvenile Justice,1798,Claxton Regional Youth Detention Center,30,3,10
2023,8911898,891,Department of Juvenile Justice,1898,Aaron Cohn Regional Youth Detention Center,50,4,8
2023,8911998,891,Department of Juvenile Justice,1998,Elbert Shaw Regional Youth Detention Center,42.90000153,3,7
2023,8912098,891,Department of Juvenile Justice,2098,DeKalb Regional Youth Detention Center,57.09999847,4,7
2023,8912298,891,Department of Juvenile Justice,2298,Gainesville Regional Youth Detention Center,47.40000153,9,19
2023,8912598,891,Department of Juvenile Justice,2598,Macon Regional Youth Detention Center,50,8,16
2023,8912698,891,Department of Juvenile Justice,2698,Marietta Regional Youth Detention Center,80,8,10
2023,8912798,891,Department of Juvenile Justice,2798,Bob Richards Regional Youth Detention Center,66.69999695,2,3
2023,8912998,891,Department of Juvenile Justice,2998,Savannah Regional Youth Detention Center,50,8,16
2023,8913098,891,Department of Juvenile Justice,3098,T J Loftiss II Regional Youth Detention Center,42.90000153,3,7
2023,8913198,891,Department of Juvenile Justice,3198,Waycross Regional Youth Detention Center,50,5,10
2023,8914198,891,Department of Juvenile Justice,4198,Metro Regional Youth Detention Center,52.20000076,12,23
2023,8914199,891,Department of Juvenile Justice,4199,Millegeville ITU,44.40000153,4,9
2023,8914203,891,Department of Juvenile Justice,4203,Terrell Regional Youth Detention Center,86.69999695,13,15
2023,8914204,891,Department of Juvenile Justice,4204,Wilkes County Regional Detention Center,80,4,5
2023,8914205,891,Department of Juvenile Justice,4205,Cadwell RYDC,42.90000153,6,14
